type,name,latitude,longitude
Load Node,KERMAN_6_N001,36.6921,-120.06
Generation Node,PINEFLT_2_B1,36.84,-119.32
Generation Node,PINEFLT_7_B1,36.83,-119.31
Generation Node,PINEFLT_7_B3,36.83,-119.31
Generation Node,PINEFLT_7_B4,36.83,-119.31
Generation Node,HAAS_7_B1,36.95,-119
Generation Node,HAAS_7_B11,36.95,-119
Generation Node,BALCH_2_B1,36.92,-119.13
Generation Node,HAAS_2_B1,36.94,-119.01
Generation Node,BALCH3TP_2_B1,36.92,-119.12
Load Node,GIFFEN_6_N001,36.5451,-120.33
Generation Node,BLCH38751_7_B1,36.93,-119.12
Generation Node,BLCH38750_7_B1,36.92,-119.13
Load Node,SANJOQN_6_N001,36.621,-120.18
Load Node,SANJOQN_6_N006,36.621,-120.18
Load Node,STROUD_6_N001,36.5309,-120.1
Load Node,CAMDEN_6_N001,36.4463,-119.8
Load Node,CAMDEN_6_N002,36.4463,-119.8
Load Node,WSTFRSO_1_N001,36.7184,-119.82
Load Node,WSTFRSO_1_N004,36.7184,-119.82
Load Node,STONCRRL_6_N001,36.4723,-119.19
Load Node,STONCRRL_6_N003,36.4723,-119.19
Load Node,MCCALL_1_N026,36.6114,-119.64
Load Node,MCCALL_1_N030,36.6114,-119.64
Generation Node,MCCALL_1_N093,36.6114,-119.64
Load Node,DUNLAP_6_N001,36.645,-119.16
Load Node,DINUBA_6_N001,36.52,-119.39
Load Node,DINUBA_6_N005,36.52,-119.39
Load Node,ANGIOLA_6_N001,35.992,-119.57
Load Node,OROSI_6_N001,36.5448,-119.25
Load Node,OROSI_6_N006,36.5448,-119.25
Load Node,SANDCRK_6_N001,36.645,-119.16
Load Node,WAHTOKE_1_N001,36.6162,-119.45
Load Node,WAHTOKE_1_N002,36.6162,-119.45
Load Node,TVYVLLY_6_N001,36.7706,-119.39
Load Node,GRDNWEST_1_N001,36.59,-119.57
Load Node,GRDNEAST_1_N101,36.48,-119.61
Load Node,GRDNEAST_1_N102,36.48,-119.61
Generation Node,DINUBAE_7_B2,36.52,-119.39
Load Node,DINUBAE_7_N001,36.52,-119.39
Load Node,AIRPROD_1_N001,36.65,-119.54
Generation Node,ULTPWRJ_1_N001,36.66,-119.63
Load Node,REEDLEY_6_N001,36.6051,-119.38
Load Node,RANCHRS_1_N001,36.7008,-119.75
Load Node,REEDLEY_1_N001,36.6051,-119.38
Load Node,SCWAX_1_N001,36.7008,-119.75
Load Node,BOSWELL_6_N001,36.0851,-119.55
Generation Node,MALAGA_1_B1,36.69,-119.58
Load Node,MALAGA_1_N001,36.6941,-119.72
Load Node,MALAGA_1_N004,36.6941,-119.72
Load Node,MALAGA_1_N005,36.6941,-119.72
Load Node,MALAGA_1_N206,36.6941,-119.72
Load Node,CORCORAN_1_N001,36.1096,-119.56
Load Node,CORCORAN_1_N005,36.1096,-119.56
Load Node,HARDWICK_6_N001,36.4043,-119.69
Load Node,CALAVE_1_N001,36.7189,-119.77
Load Node,CALAVE_1_N002,36.7189,-119.77
Load Node,CALAVE_1_N004,36.7189,-119.77
Load Node,DANISHCM_1_N001,36.7189,-119.77
Load Node,KINGSBRG_1_N001,36.5,-119.59
Load Node,KINGSBRG_1_N008,36.5,-119.59
Generation Node,SANGERCO_7_B1,36.7071,-119.61
Load Node,RAINBOW_1_N001,36.71,-119.54
Load Node,SANGER_1_N001,36.7071,-119.61
Generation Node,KINGSRIV_7_B1,36.87,-119.13
Load Node,CLOVIS_1_N001,36.826,-119.68
Load Node,CLOVIS_1_N101,36.826,-119.68
Load Node,CLOVIS_1_N004,36.826,-119.68
Load Node,LASPALMS_1_N001,36.8,-119.69
Generation Node,KERCKHOF_7_B1,37.07,-119.58
Load Node,OAKHURST_1_N001,37.3238,-119.63
Load Node,OAKHURST_1_N002,37.3238,-119.63
Load Node,CORSGOLD_1_N001,37.2275,-119.69
Load Node,CORSGOLD_1_N003,37.2275,-119.69
Load Node,BARTON_1_N001,36.764,-119.74
Load Node,BARTON_1_N007,36.764,-119.74
Load Node,BARTON_1_N008,36.764,-119.74
Load Node,MANCHSTR_1_N001,36.788,-119.79
Load Node,MANCHSTR_1_N002,36.788,-119.79
Load Node,MANCHSTR_1_N005,36.788,-119.79
Load Node,WOODWARD_1_N001,36.8966,-119.75
Load Node,WOODWARD_1_N005,36.8966,-119.75
Load Node,WOODWARD_1_N006,36.8966,-119.75
Load Node,SHARON_1_N001,37.0973,-120.16
Load Node,CONTADNA_1_N001,36.29,-119.71
Generation Node,CHWCHLLA_1_B1,37.12,-120.23
Load Node,CHWCHLLA_1_N001,37.1208,-120.25
Load Node,CHWCHLLA_1_N002,37.1208,-120.25
Load Node,CERTTEED_1_N001,37.06,-120.08
Load Node,CERTTEED_1_N002,37.06,-120.08
Generation Node,CHOWCOGN_7_N001,37.1208,-120.25
Load Node,CHLDHOSP_1_N001,36.87,-119.81
Load Node,INDNFLT_6_N001,37.6655,-119.84
Load Node,MARIPOS2_6_N001,37.5045,-120.01
Load Node,MARIPOS2_6_N003,37.5045,-120.01
Load Node,LEGRAND_1_N001,37.1844,-120.27
Load Node,BERVLLY_6_N001,37.5865,-120.13
Generation Node,EXCHQRTP_7_B1,37.6,-120.28
Generation Node,EXCHQUER_7_B1,37.59,-120.29
Load Node,DAIRYLND_1_N001,37.0552,-120.32
Load Node,BULLARD_1_N001,36.8244,-119.77
Load Node,BULLARD_1_N004,36.8244,-119.77
Load Node,BULLARD_1_N005,36.8244,-119.77
Load Node,BULLARD_1_N006,36.8244,-119.77
Generation Node,BULLARD_1_N009,36.8244,-119.77
Load Node,AUBERRY_6_N001,37.0681,-119.5
Load Node,AUBERRY_6_N003,37.0681,-119.5
Load Node,PNEDLE_1_N002,36.83,-119.83
Load Node,PNEDLE_1_N001,36.83,-119.83
Load Node,MERCEDFL_7_N001,37.2728,-120.49
Generation Node,MERCEDFL_7_N002,37.2728,-120.49
Load Node,BIOLA_6_N001,36.7925,-120.11
Load Node,RIVERROC_6_N001,36.9026,-119.77
Load Node,NEWHALL_1_N001,36.8672,-120.33
Load Node,NEWHALL_1_N002,36.8672,-120.33
Load Node,BARRE_6_N001,33.8091,-117.98
Load Node,BARRE_6_N002,33.8091,-117.98
Load Node,BARRE_6_N003,33.8091,-117.98
Generation Node,BARRE_2_N043,33.8091,-117.98
Load Node,BONITA_6_N001,36.9679,-120.2
Load Node,ASHLAN_2_N008,36.7926,-119.83
Load Node,ASHLAN_2_N001,33.1365,-117.07
Load Node,ASHLAN_2_N007,33.1365,-117.07
Load Node,FIGARDN_2_N001,36.822,-119.86
Load Node,FIGARDN_2_N101,36.822,-119.86
Generation Node,HELMS1_7_B1,36.5912,-120.18
Generation Node,HELMS2_7_B1,36.5912,-120.18
Generation Node,HELMS3_7_B1,36.5912,-120.18
Generation Node,GREGG_2_B1,36.86,-119.93
Load Node,BORDEN_2_N007,36.9223,-119.98
Generation Node,BORDEN_2_N008,36.9223,-119.98
Generation Node,BORDEN_2_N009,36.9223,-119.98
Load Node,KERMAN_6_N002,36.6921,-120.06
Load Node,ELLIS_6_N001,37.7165,-121.55
Generation Node,ELLIS_6_N003,37.7165,-121.55
Load Node,ELLIS_6_N105,37.7165,-121.55
Load Node,STOREY2_2_N001,36.9828,-120.03
Generation Node,ELLIS_2_B1,33.68,-117.94
Generation Node,HUNT1G_7_B1,33.6461,-117.98
Load Node,HUNT1G_7_N002,33.64,-117.96
Generation Node,HUNT3G_7_B1,33.6461,-117.98
Load Node,HUNT3G_7_N002,33.64,-117.97
Generation Node,HUNT4G_7_B1,33.6461,-117.98
Load Node,HUNT4G_7_N002,33.66,-117.97
Generation Node,HUNT2G_7_B1,33.6461,-117.98
Load Node,HUNT2G_7_N002,33.66,-117.97
Load Node,BOWLES_6_N001,36.6057,-119.77
Load Node,CARUTHRS_6_N001,36.5316,-119.88
Load Node,JOHANNA_2_N001,33.7136,-117.85
Load Node,JOHANNA_2_N007,33.7136,-117.85
Generation Node,JOHANNA_2_N013,33.7136,-117.85
Load Node,KEARNEY_6_N001,36.7044,-119.88
Load Node,KEARNEY_6_N099,36.7044,-119.88
Load Node,STOREY1_2_N001,36.9828,-120.03
Generation Node,STOREY1_2_N003,36.9828,-120.03
Generation Node,ALAMT5G_7_B1,33.7716,-118.1
Generation Node,ALAMT1G_7_B1,33.7716,-118.1
Load Node,ALAMT5G_7_N002,33.7716,-118.1
Generation Node,ALAMT6G_7_B1,33.7716,-118.1
Load Node,ALAMT6G_7_N002,33.7716,-118.1
Load Node,ALAMT1G_7_N002,33.7716,-118.1
Generation Node,ALAMT2G_7_B1,33.7716,-118.1
Load Node,ALAMT2G_7_N002,33.7716,-118.1
Load Node,ALAMITOS_2_N001,33.7716,-118.1
Load Node,ALAMITOS_2_N040,33.77,-118.1
Generation Node,ALAMT4G_7_B1,33.7716,-118.1
Load Node,ALAMT4G_7_N002,33.7716,-118.1
Generation Node,ALAMT3G_7_B1,33.7716,-118.1
Load Node,ALAMT3G_7_N002,33.7716,-118.1
Load Node,MENDOTA_1_N008,36.7208,-120.46
Load Node,GALLO_1_N001,37.3633,-120.76
Generation Node,SANTIAGO_6_N004,33.6651,-117.77
Load Node,LIVNGSTN_1_N001,37.3633,-120.76
Load Node,RECTOR_6_N001,36.2985,-119.24
Generation Node,RECTOR_6_N004,36.2985,-119.24
Generation Node,RECTOR_6_N007,36.2985,-119.24
Generation Node,RECTOR_6_N008,36.2985,-119.24
Generation Node,RECTOR_6_N009,36.2985,-119.24
Load Node,CRESSEY_1_N001,37.4285,-120.64
Generation Node,CRESSEY_1_N003,37.4285,-120.64
Load Node,JRWOOD_1_N001,37.37,-120.64
Generation Node,JRWDGEN_1_N001,37.37,-120.63
Load Node,ATWATER_1_B2,37.36,-120.61
Load Node,ATWATER_1_N001,37.36,-120.61
Load Node,MERCED_1_N002,37.2728,-120.49
Load Node,MERCED_1_N001,37.2728,-120.49
Load Node,ELCAPTN_1_N004,37.3358,-120.51
Load Node,ELCAPTN_1_N005,37.3655,-120.58
Load Node,ELCAPTN_1_N001,37.3358,-120.51
Load Node,ELNIDO_1_N001,33.8962,-118.37
Load Node,ELNIDO_1_N004,37.1206,-120.47
Load Node,DELAMO_2_N001,33.8483,-118.1
Load Node,DELAMO_2_N014,33.8483,-118.1
Load Node,DELAMO_2_N022,33.8483,-118.1
Load Node,WILSONAB_1_N001,37.2908,-120.41
Load Node,VESTAL_6_N001,35.857,-119.09
Generation Node,VESTAL_6_N002,35.857,-119.09
Generation Node,VESTAL_6_N004,35.857,-119.09
Generation Node,VESTAL_6_N006,35.857,-119.09
Load Node,HINSON_6_N001,33.8189,-118.22
Generation Node,LBEACH1G_7_N001,33.8189,-118.22
Generation Node,LBEACH2G_7_N001,33.8189,-118.22
Load Node,LBEACH2G_7_N002,33.82,-118.21
Generation Node,LBEACH3G_7_N001,33.8189,-118.22
Generation Node,LBEACH4G_7_N001,33.8189,-118.22
Generation Node,SERRFGEN_7_B1,33.8189,-118.22
Generation Node,CARBOGEN_7_B1,33.8189,-118.22
Generation Node,HINSON_2_B1,33.84,-118.23
Generation Node,HARBORG_7_B2,33.77,-118.25
Generation Node,HARBORG_7_B3,33.77,-118.25
Generation Node,HARBORG_7_B4,33.77,-118.25
Load Node,HARBORG_7_N101,33.77,-118.25
Generation Node,ICEGEN_7_B1,33.8805,-118.18
Load Node,LITEHIPE_6_N001,33.8805,-118.18
Generation Node,LITEHIPE_6_N006,33.8805,-118.18
Load Node,LITEHIPE_6_N008,33.8805,-118.18
Load Node,MCMULLN1_2_N001,36.5928,-119.99
Generation Node,ARCO1G_7_B1,33.8175,-118.24
Load Node,LCIENEGA_6_N001,34.0008,-118.38
Load Node,CENTERS_6_N001,33.9288,-118.11
Generation Node,CENTERS_6_N004,33.9288,-118.11
Load Node,CENTERS_6_N200,33.9288,-118.11
Generation Node,CTRPKGEN_7_B1,33.9288,-118.11
Load Node,LAFRESA_6_N001,33.8697,-118.33
Generation Node,LAFRESA_6_N003,33.8697,-118.33
Load Node,LAFRESA_6_N007,33.8697,-118.33
Load Node,ELNIDO_2_N001,37.1206,-120.47
Load Node,ELNIDO_2_N012,33.8962,-118.37
Generation Node,ELSEG3G_7_B1,33.9085,-118.42
Generation Node,ELSEG4G_7_B1,33.9085,-118.42
Generation Node,ELSEGNDO_2_B1,33.9,-118.42
Generation Node,REDON5G_7_B1,33.8526,-118.39
Generation Node,REDON6G_7_B1,33.8526,-118.39
Generation Node,REDON7G_7_B1,33.8526,-118.39
Generation Node,REDON8G_7_B1,33.8526,-118.39
Load Node,LAGUBELL_6_N001,33.9759,-118.15
Generation Node,LAGUBELL_6_N005,33.9759,-118.15
Load Node,LAGUBELL_6_N210,33.9759,-118.15
Load Node,MCDISLE_6_N001,37.937,-121.53
Generation Node,LAGUBELL_2_B1,33.98,-118.15
Generation Node,VELASCO_2_N100,34,-118.09
Generation Node,EASTWOOD_7_B1,37.1441,-119.27
Load Node,BIGCRK1_7_N001,37.2021,-119.24
Generation Node,BCRK1-2_1_N003,37.2021,-119.24
Generation Node,BCRK1-2_1_N004,37.2021,-119.24
Generation Node,BIGCRK1_2_B1,37.2,-119.24
Generation Node,BIGCRK2_2_B1,37.21,-119.32
Generation Node,BIGCRK8_2_B1,37.18,-119.25
Generation Node,BIGCRK3_2_B1,37.14,-119.39
Generation Node,MAMOTH1G_7_B1,37.23,-119.35
Generation Node,MAMOTH2G_7_B1,37.23,-119.33
Generation Node,BCRK4_7_B1,37.13,-119.5
Generation Node,BCRK4_7_B3,37.13,-119.5
Generation Node,BIGCRK4_2_B1,37.14,-119.49
Load Node,MESACAL_6_N001,34.0375,-118.11
Generation Node,MESACAL_6_N004,34.0355,-118.11
Load Node,WILKINS_6_N001,39.0055,-121.87
Generation Node,MELONES_2_N014,37.949,-120.52
Load Node,MDLRIVR_6_N001,37.937,-121.53
Load Node,SANMRCOS_6_N001,33.1288,-117.2
Load Node,SANMRCOS_6_N007,33.1288,-117.2
Load Node,SANMRCOS_6_N011,33.1288,-117.2
Generation Node,SANMRCOS_6_N012,33.1288,-117.2
Load Node,JAPMESA_6_N001,33.3743,-117.55
Load Node,JAPMESA_6_N007,33.3743,-117.55
Load Node,CRSTNTS_6_N001,33.4634,-117.57
Load Node,RIOHONDO_6_N001,34.1061,-117.98
Generation Node,RIOHONDO_6_N004,34.1061,-117.98
Generation Node,RIOHONDO_6_N007,34.1061,-117.98
Load Node,GUALALA_6_N001,38.7867,-123.52
Load Node,OTTER_6_N001,36.4778,-121.73
Load Node,LEMOORE_6_N002,36.31,-119.8
Load Node,LEMOORE_6_N101,36.31,-119.8
Generation Node,WARNERVL_2_B1,37.74,-120.8
Generation Node,WARNERVL_2_B2,37.74,-120.8
Load Node,HOOPA_6_N001,41.0565,-123.68
Load Node,LAGNANL_1_N001,33.4949,-117.7
Load Node,LAGNANL_1_N002,33.4949,-117.7
Load Node,LAGNANL_1_N005,33.4949,-117.7
Load Node,LAGNANL_1_N006,33.4949,-117.7
Load Node,COTTLE_7_N001,37.7726,-120.83
Generation Node,COTTLE_7_N002,37.7726,-120.83
Load Node,CAPSTRNO_1_N001,33.5129,-117.67
Load Node,CAPSTRNO_1_N006,33.5129,-117.67
Generation Node,CAPSTRNO_1_N016,33.5129,-117.67
Load Node,COTTLEA_2_N001,37.7726,-120.83
Load Node,TRABUCO_1_N001,33.563,-117.67
Load Node,TRABUCO_1_N005,33.563,-117.67
Load Node,TRABUCO_1_N009,33.563,-117.67
Load Node,TRABUCO_1_N013,33.563,-117.67
Load Node,LINDEN_6_N101,38.0169,-121.1
Load Node,MARGARTA_1_N009,33.55,-117.63
Load Node,MARGARTA_1_N001,33.55,-117.63
Load Node,MARGARTA_1_N002,33.55,-117.63
Load Node,MARGARTA_1_N008,33.55,-117.63
Load Node,JCBSCRNR_6_N001,36.2225,-119.78
Load Node,JCBSCRNR_6_N003,36.2225,-119.78
Load Node,HERDLYN_6_N001,37.8164,-121.59
Load Node,CALISTGA_6_N001,38.5927,-122.58
Load Node,FIREBAGH_6_N001,36.8507,-120.47
Load Node,OLINDA_6_N001,33.9461,-117.92
Generation Node,OLINDA_6_N002,33.9461,-117.92
Generation Node,OLINDA_6_N004,33.9461,-117.92
Generation Node,OLINDA_6_N007,33.9461,-117.92
Load Node,MELROSE_6_N001,33.2065,-117.25
Load Node,MELROSE_6_N004,33.2065,-117.25
Load Node,MELROSE_6_N005,33.2065,-117.25
Load Node,MELROSE_6_N009,33.2065,-117.25
Load Node,SANMATEO_1_N001,37.5833,-122.32
Load Node,SANMATEO_1_N009,37.5833,-122.32
Load Node,HORNO_6_N001,33.3783,-117.46
Load Node,LASPULGS_6_N001,37.4629,-122.23
Load Node,WALNUT_6_N001,34.0085,-117.95
Generation Node,WALNUT_6_N007,34.0085,-117.95
Generation Node,WALNUT_6_N008,34.0085,-117.95
Load Node,PICO_1_N001,33.4568,-117.59
Load Node,PICO_1_N004,33.4568,-117.59
Load Node,MUSLSLGH_6_N001,36.2645,-119.91
Load Node,LAURELES_6_N001,36.4778,-121.73
Generation Node,HILLGEN_7_B1,34.0085,-117.95
Load Node,BIXLER_6_N001,37.937,-121.53
Load Node,KEARNEY_7_N001,36.7044,-119.88
Generation Node,GWFGT1_7_B1,36.2416,-119.9
Generation Node,GWFGT2_7_B1,36.2416,-119.9
Load Node,HENRITTA_6_N101,36.2416,-119.9
Load Node,CURTIS1_7_N001,37.9749,-120.32
Generation Node,SONOFR2_7_B1,33.3697,-117.55
Generation Node,SONOFR3_7_B1,33.3693,-117.55
Load Node,SONOFRE_2_N001,33.3697,-117.55
Load Node,SONOFRE_2_N067,33.3697,-117.55
Generation Node,CURTISS_1_N010,37.9749,-120.32
Load Node,CURTISS_1_N101,37.9749,-120.32
Generation Node,FBERBORD_1_N001,37.97,-120.3
Load Node,ENCNITAS_6_N001,33.0506,-117.29
Load Node,ENCNITAS_6_N004,33.0506,-117.29
Load Node,ENCNITAS_6_N011,33.0506,-117.29
Load Node,ANNAPOLS_6_N001,38.6803,-123.31
Load Node,AVOCADO_6_N001,33.3847,-117.24
Load Node,AVOCADO_6_N002,33.3847,-117.24
Generation Node,KEARNEY_7_B3,36.7044,-119.88
Load Node,KEARNEY_7_N003,32.8329,-117.13
Load Node,MI-WUK_1_N001,38.0527,-120.22
Load Node,RICE_6_N002,39.4028,-122.01
Load Node,RICE_6_N101,39.4028,-122.01
Generation Node,SPRINGVL_6_N004,36.1058,-118.94
Generation Node,SPRINGVL_6_N002,36.1058,-118.94
Generation Node,SPRINGVL_6_N006,36.1058,-118.94
Load Node,SPRINGVL_6_N001,36.1058,-118.94
Load Node,MESARIM_6_N001,32.9049,-117.17
Load Node,MESARIM_6_N007,32.9049,-117.17
Load Node,MESARIM_6_N008,32.9049,-117.17
Load Node,MESARIM_6_N012,32.9049,-117.17
Load Node,GOULD_2_N001,34.2215,-118.19
Load Node,GOULD_2_N007,34.2215,-118.19
Load Node,FROGTOWN_7_N001,38.0565,-120.53
Generation Node,FROGTOWN_7_N003,38.0565,-120.53
Load Node,COLUSA_6_N001,39.2136,-122
Load Node,COLUSA_6_N004,39.2136,-122
Load Node,RTRACK_1_N001,37.9797,-120.41
Load Node,MONSRATE_6_N001,33.3291,-117.24
Load Node,MONSRATE_6_N007,33.3291,-117.24
Load Node,ARBUCKLE_6_N001,39.0176,-122.06
Load Node,LIVNGSTN_6_N001,37.3633,-120.76
Load Node,UCM_6_N001,32.8836,-117.22
Load Node,UCM_6_N002,32.8836,-117.22
Load Node,UCM_6_N006,32.8836,-117.22
Load Node,LAJOLLA_6_N001,32.8401,-117.28
Load Node,LAJOLLA_6_N007,32.8401,-117.28
Load Node,GENESEE_6_N001,32.8797,-117.21
Load Node,GENESEE_6_N005,32.8797,-117.21
Load Node,GENESEE_6_N011,32.8797,-117.21
Load Node,GENESEE_6_N015,32.8797,-117.21
Load Node,PENDLETN_6_N001,33.3093,-117.34
Load Node,PENDLETN_6_N004,33.3093,-117.34
Load Node,STUART_6_N001,33.2567,-117.42
Load Node,OWNBRKWY_1_N001,37.72,-122.22
Load Node,TOREYPNS_6_N001,32.8987,-117.24
Load Node,TOREYPNS_6_N007,32.8987,-117.24
Load Node,TOREYPNS_6_N008,32.8987,-117.24
Load Node,TOREYPNS_6_N009,32.8987,-117.24
Load Node,DELMAR_6_N001,38.7988,-121.22
Load Node,DELMAR_6_N010,32.9808,-117.26
Load Node,DELMAR_6_N011,32.9808,-117.26
Load Node,GONZALES_6_N001,36.5089,-121.45
Load Node,GONZALES_6_N003,36.5089,-121.45
Load Node,OCEANSDE_6_N001,33.1968,-117.38
Load Node,OCEANSDE_6_N002,33.1968,-117.38
Generation Node,HOLM1_7_B1,37.83,-119.99
Generation Node,HOLM2_7_B1,37.86,-120
Load Node,JENNY_1_N001,37.77,-122.26
Load Node,JENNY_1_N008,37.77,-122.26
Load Node,STATINJ_1_N001,37.7633,-122.21
Load Node,STATINJ_1_N012,37.7633,-122.21
Load Node,STATINJ_1_N027,37.77,-122.22
Generation Node,SNDBRJT_1_B1,38.19,-120.12
Load Node,ROSECYN_6_N001,32.8445,-117.24
Load Node,ROSECYN_6_N017,32.8445,-117.24
Load Node,DUNHILL_6_N001,32.9015,-117.23
Generation Node,CHSTN_115_B1,38.09,-120.3
Load Node,CHSTN_1_N001,38.09,-120.3
Generation Node,ELCAJNGT_7_B3,32.7954,-116.97
Load Node,ELCAJNGT_7_N001,32.7954,-116.97
Load Node,MIRAMAR_6_N001,32.894,-117.14
Load Node,MIRAMAR_6_N004,32.894,-117.14
Load Node,MIRAMAR_6_N017,32.894,-117.14
Load Node,BALFOUR_6_N001,37.926,-121.68
Load Node,FENTON_6_N001,32.895,-117.16
Load Node,ELCAJNGT_7_N004,32.7954,-116.97
Load Node,RIVRBANK_1_N001,37.7689,-120.91
Load Node,EDES_1_N001,37.7388,-122.19
Load Node,EDES_1_N003,37.7388,-122.19
Generation Node,MIRAMREF_7_B1,32.894,-117.14
Generation Node,EASTGATE_6_N004,32.885,-117.2
Load Node,EASTGATE_6_N101,32.885,-117.2
Load Node,EASTGATE_6_N201,32.885,-117.2
Load Node,MOROHILL_6_N001,33.2522,-117.3
Generation Node,DONNELLS_7_B1,38.24,-120.03
Load Node,OLETA_6_N001,38.4806,-120.84
Load Node,OLETA_6_N003,38.4806,-120.84
Generation Node,STANISLS_7_B1,38.15,-120.36
Generation Node,STANISLS_1_B1,38.14,-120.37
Load Node,STANISLS_1_N001,38.14,-120.37
Load Node,KYOCERA_6_N001,32.8198,-117.14
Load Node,SNTHLNE_6_N001,37.6224,-122.45
Load Node,SNTHLNE_6_N002,37.6224,-122.45
Load Node,PALA_6_N001,33.3559,-117.11
Load Node,MESAHGTS_6_N001,32.8296,-117.16
Load Node,MESAHGTS_6_N007,32.8296,-117.16
Generation Node,MESAHGTS_6_N011,32.8296,-117.16
Load Node,CLAIRMNT_6_N001,32.8259,-117.18
Load Node,CLAIRMNT_6_N008,32.8259,-117.18
Load Node,RVRBANK_1_N001,37.7689,-120.91
Load Node,RVRBANK_1_N005,37.7689,-120.91
Load Node,RSNTAFE_6_N001,33.0143,-117.2
Load Node,RSNTAFE_6_N008,33.0143,-117.2
Load Node,RSNTAFE_6_N009,33.0143,-117.2
Load Node,FORTRSS_6_N001,38.5396,-123.22
Load Node,MORMON_6_N001,37.9687,-121.19
Load Node,PLAINFLD_6_N001,38.6189,-121.79
Load Node,SANCRLS_6_N001,37.4997,-122.24
Load Node,SANCRLS_6_N002,37.4997,-122.24
Load Node,SANCRLS_6_N004,37.4997,-122.24
Load Node,SAUSALTO_6_N001,37.8634,-122.5
Load Node,SAUSALTO_6_N002,37.8634,-122.5
Load Node,CAMPHORA_6_N001,36.4683,-121.39
Load Node,CAMPHORA_6_N003,36.4683,-121.39
Load Node,DMTARSL_1_N001,37.7,-122.15
Load Node,CABRILLO_6_N001,32.7074,-117.25
Load Node,CABRILLO_6_N004,32.7074,-117.25
Generation Node,CABRILLO_6_N011,32.7074,-117.25
Load Node,PACFCBCH_6_N001,32.7992,-117.24
Load Node,PACFCBCH_6_N004,32.7992,-117.24
Load Node,GRBRVLLE_6_N001,40.1026,-123.79
Load Node,MURRAY_6_N001,32.7908,-117.02
Load Node,MURRAY_6_N004,32.7908,-117.02
Load Node,MURRAY_6_N005,32.7908,-117.02
Load Node,MURRAY_6_N015,32.7908,-117.02
Load Node,RUSSRCH_6_N001,40.8198,-123.83
Load Node,REDWOOD_6_N002,37.4903,-122.21
Load Node,REDWOOD_6_N005,37.4903,-122.21
Load Node,REDWOOD_6_N006,37.4903,-122.21
Load Node,REDWOOD_6_N007,37.4903,-122.21
Load Node,REDWOOD_6_N001,37.4903,-122.21
Load Node,GARFIELD_6_N001,32.7951,-117
Load Node,DAVIS_1_N001,39.06,-121.71
Load Node,DAVIS_1_N007,39.06,-121.71
Generation Node,DAVIS_1_N018,39.06,-121.71
Load Node,DAVIS_1_N012,39.06,-121.71
Load Node,PACIFICA_6_N001,37.5946,-122.49
Load Node,PACIFICA_6_N003,37.5946,-122.49
Load Node,SNTARTA_6_N001,37.0551,-120.63
Load Node,CREELMAN_6_N004,33.0181,-116.85
Load Node,CREELMAN_6_N001,33.0181,-116.85
Load Node,CREELMAN_6_N014,33.0181,-116.85
Load Node,SCRIPPS_6_N001,32.9111,-117.11
Load Node,SCRIPPS_6_N008,32.9111,-117.11
Load Node,SCRIPPS_6_N013,32.9111,-117.11
Load Node,BARRY_6_N001,39.0693,-121.69
Load Node,SANLUSRY_6_N013,36.7796,-120.73
Load Node,SANLUSRY_6_N014,36.7796,-120.73
Load Node,SANLUSRY_6_N101,36.7796,-120.73
Load Node,SANLUSRY_6_N201,36.8615,-120.78
Generation Node,STANDFD2_1_N011,37.43,-122.17
Load Node,WARNERS_6_N001,33.2472,-116.68
Load Node,EAGLROCK_2_N001,38.8293,-122.81
Load Node,EAGLROCK_2_N012,38.8293,-122.81
Load Node,RINCON_6_N001,33.2859,-116.96
Load Node,RINCON_6_N008,38.4901,-122.67
Load Node,DALYCTY_1_N001,37.6917,-122.46
Load Node,DALYCTY_1_N005,37.6917,-122.46
Load Node,LAGUNITS_6_N001,36.7489,-121.61
Generation Node,CPELCAJN_7_B1,32.7954,-116.97
Load Node,BATIQTOS_1_N001,33.1011,-117.25
Load Node,BATIQTOS_1_N008,33.1011,-117.25
Load Node,BATIQTOS_1_N015,33.1011,-117.25
Load Node,SLMNCRK_6_N001,38.3436,-123.04
Load Node,ESTGRND_1_N001,37.6539,-122.4
Load Node,ESTGRND_1_N005,37.6539,-122.4
Load Node,ESTGRND_1_N009,37.6539,-122.4
Load Node,VALLYHM_1_N001,37.8558,-120.94
Generation Node,VALLYHM_1_N004,37.8558,-120.94
Load Node,PALOMAR_1_N001,33.1228,-117.29
Load Node,PALOMAR_1_N004,33.1228,-117.29
Load Node,PALOMAR_1_N013,33.1228,-117.29
Load Node,BRKRSLG_1_N005,38.79,-121.55
Load Node,SANTYSBL_6_N001,33.1105,-116.67
Load Node,AVENA_1_N001,37.8422,-121.05
Load Node,BLLEHVN_6_N001,37.4772,-122.17
Load Node,BLLEHVN_6_N002,37.4772,-122.17
Load Node,BLLEHVN_6_N004,37.4772,-122.17
Load Node,BLLEHVN_6_N006,37.4772,-122.17
Load Node,BLLEHVN_6_N007,37.4772,-122.17
Generation Node,BLLEHVN_6_N009,37.4772,-122.17
Load Node,DUNNIGAN_6_N001,38.9248,-121.99
Load Node,SERRMNTE_1_N011,37.6917,-122.46
Load Node,DESCANSO_6_N001,32.8652,-116.63
Load Node,GABILAN_6_N001,36.7315,-121.61
Load Node,SHADOWR_1_N001,33.1415,-117.24
Load Node,SHADOWR_1_N006,33.1415,-117.24
Load Node,SHADOWR_1_N008,33.1415,-117.24
Load Node,CANNON_1_N001,33.1374,-117.33
Load Node,CANNON_1_N004,33.1374,-117.33
Generation Node,ENCINA1_7_B1,33.137,-117.34
Generation Node,ENCINA2_7_B1,33.137,-117.34
Generation Node,ENCINA3_7_B1,33.137,-117.34
Generation Node,ENCINA4_7_B1,33.137,-117.34
Generation Node,ENCINAGT_7_B11,33.137,-117.34
Generation Node,ENCINA_1_B1,33.12,-117.32
Load Node,ENCINA_1_N001,33.137,-117.34
Load Node,ENCINA_1_N049,33.137,-117.34
Generation Node,MISSON_1_N015,32.7842,-117.14
Load Node,RIPON_1_N001,37.72,-121.13
Load Node,SNLNDRO_1_N027,37.7111,-122.15
Load Node,SNLNDRO_1_N001,37.7111,-122.15
Load Node,SNLNDRO_1_N014,37.7111,-122.15
Load Node,SNLNDRO_1_N017,37.7111,-122.15
Load Node,GUSTINE_6_N001,37.2532,-121.01
Load Node,GUSTINE_6_N002,37.2532,-121.01
Load Node,JACINTO_6_N001,39.5829,-122.01
Load Node,LILAC_6_N001,33.2533,-117.09
Load Node,LILAC_6_N010,33.2533,-117.09
Load Node,NCMETER_1_N001,33.0896,-117.2
Load Node,BERNARDO_6_N001,33.0216,-117.1
Load Node,BERNARDO_6_N002,33.0216,-117.1
Load Node,BERNARDO_6_N009,33.0216,-117.1
Load Node,BERNARDO_6_N013,33.0216,-117.1
Load Node,BERNARDO_6_N014,33.0216,-117.1
Generation Node,ENCINA5_7_B1,33.137,-117.34
Load Node,STKTONA_1_N001,37.9471,-121.29
Load Node,STKTONA_1_N003,37.9471,-121.29
Load Node,GRANITE_6_N001,32.8045,-116.92
Load Node,GRANITE_6_N007,32.8045,-116.92
Load Node,GRANITE_6_N008,32.8045,-116.92
Load Node,GRANITE_6_N009,32.8045,-116.92
Load Node,VALCNTR_6_N001,33.2307,-117.02
Generation Node,MARTINC_1_B1,37.59,-122.38
Load Node,BAYSHOR1_1_N001,37.746,-122.4
Load Node,BAYSHOR2_1_N001,37.746,-122.4
Load Node,POTRERO_1_N001,37.46,-122.4
Load Node,POTRERO_1_N013,37.46,-122.4
Load Node,POTRERO_1_N016,37.46,-122.4
Load Node,SANYSDRO_6_N001,32.5622,-117.03
Load Node,SANYSDRO_6_N004,32.5622,-117.03
Load Node,CANAL_6_N001,37.0664,-120.84
Generation Node,WOODLD_1_B1,38.71,-121.79
Load Node,WOODLD_1_N001,38.6782,-121.76
Load Node,WOODLD_1_N005,38.6782,-121.76
Load Node,WOODLD_1_N012,38.6782,-121.76
Generation Node,ENCINA_2_B1,33.13,-117.35
Generation Node,HALSEYF_7_B1,38.9568,-121.05
Load Node,HALSEYF_7_N001,38.9568,-121.05
Generation Node,GOLETA_6_N002,34.4878,-119.88
Generation Node,GOLETA_6_N003,34.4878,-119.88
Generation Node,GOLETA_6_N004,34.4878,-119.88
Generation Node,GOLETA_6_N022,34.4878,-119.88
Generation Node,GOLETA_6_N100,34.4878,-119.88
Load Node,GOLETA_6_N200,34.4878,-119.88
Load Node,POST_1_N001,39.11,-121.64
Generation Node,POINTLMA_6_N001,32.7415,-117.23
Load Node,POINTLMA_6_N013,32.7415,-117.23
Load Node,POINTLMA_6_N014,32.7415,-117.23
Generation Node,POINTLMA_6_N021,32.7415,-117.23
Load Node,PLUMAS_6_N001,39.0261,-121.54
Load Node,MOBILCHE_1_N001,38.76,-121.76
Load Node,EMBRCDR_2_N001,37.78,-122.38
Load Node,EMBRCDR_2_N008,37.78,-122.38
Generation Node,EMBRCDR_2_N010,37.78,-122.38
Load Node,EMBRCDR_2_N101,37.78,-122.38
Load Node,EMBRCDR_2_N104,37.78,-122.38
Load Node,SFIA-MA_1_N001,37.61,-122.44
Generation Node,CEDRCRK_6_N001,40.7912,-121.94
Load Node,CEDRCRK_6_N101,40.7912,-121.94
Load Node,DEEPWATR_1_N104,38.5516,-121.56
Load Node,DEEPWATR_1_N101,38.5516,-121.56
Load Node,PAULSWT_1_N001,36.9923,-121.98
Load Node,PAULSWT_1_N004,36.9923,-121.98
Generation Node,PAULSWT_1_N013,36.9923,-121.98
Load Node,PAULSWT_1_N101,36.9923,-121.98
Load Node,STREAMVW_6_N001,32.7456,-117.08
Load Node,STREAMVW_6_N007,32.7456,-117.08
Load Node,WSCRMNO_1_N004,38.5893,-121.55
Load Node,WSCRMNO_1_N013,38.5893,-121.55
Load Node,WSCRMNO_1_N201,38.5893,-121.55
Load Node,TUDOR_6_N001,38.9821,-121.64
Load Node,PENRYN_6_N001,38.8444,-121.17
Load Node,PENRYN_6_N004,38.8444,-121.17
Generation Node,STNCOGNJ_1_B1,37.91,-121.2
Load Node,MREIS-Q_1_N001,38.12,-122.33
Load Node,F_6_N001,32.7549,-117.13
Load Node,F_6_N002,32.7549,-117.13
Load Node,F_6_N005,32.7549,-117.13
Load Node,LOSGATS_6_N002,37.2264,-121.98
Load Node,LOSGATS_6_N201,37.2264,-121.98
Load Node,FRTSWRD_6_N001,40.2138,-123.6
Generation Node,FRTSWRD_6_N004,40.2138,-123.6
Load Node,CMPEVRS_1_N001,37.0416,-122.03
Load Node,CMPEVRS_1_N002,37.0416,-122.03
Load Node,CARQUINZ_1_N001,38.091,-122.25
Load Node,CARQUINZ_1_N002,38.091,-122.25
Load Node,SPRNGVLY_6_N001,32.739,-117
Load Node,SPRNGVLY_6_N010,32.739,-117
Load Node,COVELO6_6_N001,39.7863,-123.25
Load Node,ARTESN_6_N001,33.0212,-117.13
Load Node,SNANDRES_6_N001,37.6033,-122.42
Load Node,URBAN_6_N001,32.7133,-117.15
Load Node,URBAN_6_N005,32.7133,-117.15
Load Node,SOLEDAD_6_N001,36.4295,-121.33
Load Node,GRSSVLY_6_N101,39.2095,-121.06
Load Node,CHOLLAS_6_N001,32.744,-117.05
Load Node,CHOLLAS_6_N008,32.744,-117.05
Load Node,CHOLLAS_6_N009,32.744,-117.05
Load Node,KETTNER_6_N001,32.7332,-117.17
Load Node,KETTNER_6_N004,32.7332,-117.17
Load Node,B_6_N005,32.7143,-117.17
Load Node,B_6_N003,32.7143,-117.17
Load Node,B_6_N001,32.7143,-117.17
Load Node,B_6_N007,32.7143,-117.17
Load Node,IMPRLBCH_6_N004,32.5833,-117.1
Load Node,IMPRLBCH_6_N001,32.5833,-117.1
Load Node,CORONADO_6_N001,32.6988,-117.17
Load Node,CORONADO_6_N002,32.6988,-117.17
Load Node,MTNQUAR_6_N001,38.9145,-121.02
Load Node,NOISLMTR_6_N009,32.7024,-117.18
Load Node,NOISLMTR_6_N004,32.7024,-117.18
Generation Node,NOISLMTR_6_N015,32.7024,-117.18
Generation Node,NOISLMTR_6_N101,32.7024,-117.18
Load Node,ELLIOTT_6_N001,32.8159,-117.09
Load Node,ELLIOTT_6_N004,32.8159,-117.09
Load Node,ZAMORA_1_N001,38.7754,-121.86
Load Node,RSVTNRD_6_N001,36.6244,-121.69
Generation Node,UALCOGN_1_N001,37.66,-122.38
Generation Node,UALTAP_1_B1,37.67,-122.42
Load Node,BELMONT_1_N001,37.5233,-122.26
Load Node,BELMONT_1_N006,37.5233,-122.26
Load Node,BELMONT_1_N008,37.5233,-122.26
Load Node,DOSPALS_6_N001,36.9748,-120.64
Load Node,MILLBRAE_6_N001,37.6052,-122.39
Load Node,PLACER_7_N009,38.9013,-121.09
Load Node,SFIA_1_N001,37.65,-122.41
Load Node,SFIA_1_N007,37.65,-122.41
Load Node,ALMADEN_6_N001,37.2603,-121.89
Load Node,ALPINE_6_N001,32.8278,-116.79
Load Node,ALPINE_6_N005,32.8278,-116.79
Load Node,ORICK_6_N001,41.2945,-124.06
Generation Node,SAMPSON_6_N010,32.6944,-117.14
Load Node,BARRETT_6_N001,32.6672,-116.7
Load Node,CATLETT_6_N001,38.8088,-121.52
Load Node,LOVELAND_6_N001,32.797,-116.79
Load Node,ELKCREEK_6_N001,39.1295,-123.71
Generation Node,ELKCREEK_6_N003,39.1295,-123.71
Load Node,GRANTRK_6_N001,37.6709,-122.16
Load Node,AUBURN_6_N001,38.9034,-121.07
Load Node,OTAYLAKE_6_N001,32.5953,-117.06
Load Node,MISSION_6_N001,32.7842,-117.14
Load Node,MISSION_6_N031,32.7842,-117.14
Load Node,MISSION_6_N040,32.7842,-117.14
Load Node,MISSION_6_N049,32.7842,-117.14
Load Node,MILLBRAE_1_N001,37.6052,-122.39
Load Node,MILLBRAE_1_N004,37.6052,-122.39
Generation Node,MILLBRAE_1_N007,37.6052,-122.39
Load Node,MILLBRAE_1_N201,37.6052,-122.39
Generation Node,RAMCOOY_7_B1,32.5953,-117.06
Load Node,OLDTOWN_6_N001,32.7661,-117.19
Load Node,OTAY_6_N001,32.5953,-117.06
Load Node,OTAY_6_N014,32.5953,-117.06
Generation Node,OTAY_6_N017,32.5953,-117.06
Generation Node,OTAY_6_N018,32.5953,-117.06
Load Node,GRANDIS_1_N004,38.2311,-121.59
Load Node,GRANDIS_1_N009,38.2311,-121.59
Load Node,HIGHWAY_1_N001,38.166,-122.25
Load Node,HIGHWAY_1_N002,38.166,-122.25
Generation Node,HIGHWAY_1_N003,38.166,-122.25
Load Node,BAIR_1_N001,37.4969,-122.21
Load Node,SHREDDER_1_N001,37.5117,-122.21
Load Node,MONTAGUE_1_N001,37.4037,-121.91
Load Node,LONESTAR_1_N001,37.5117,-122.21
Load Node,MONTAGUE_1_N006,37.4037,-121.91
Load Node,MONTAGUE_1_N007,37.4037,-121.91
Load Node,GREENBRE_6_N001,37.9378,-122.51
Load Node,GREENBRE_6_N003,37.9378,-122.51
Load Node,NAVSTMTR_6_N001,32.6704,-117.11
Load Node,NAVSTMTR_6_N011,32.6704,-117.11
Load Node,ALTO_6_N001,37.8983,-122.52
Load Node,ALTO_6_N101,37.8983,-122.52
Load Node,LASPLGS_6_N001,33.3129,-117.47
Load Node,NATNLCTY_6_N005,32.6731,-117.11
Load Node,NATNLCTY_6_N001,32.6731,-117.11
Load Node,LAGUNATP_6_N001,36.7489,-121.61
Generation Node,CPBORDER_7_B1,32.5663,-116.94
Load Node,GLENWOOD_6_N001,37.4573,-122.19
Load Node,GLENWOOD_6_N004,37.4573,-122.19
Load Node,GLENWOOD_6_N005,37.4573,-122.19
Load Node,RCARMEL_6_N011,32.9937,-117.08
Load Node,RCARMEL_6_N001,32.9937,-117.08
Load Node,RCARMEL_6_N004,32.9937,-117.08
Load Node,DIVISION_6_N001,32.6816,-117.12
Load Node,DIVISION_6_N009,32.6816,-117.12
Load Node,JAMACHA_6_N001,32.7441,-116.96
Load Node,JAMACHA_6_N006,32.7441,-116.96
Load Node,JAMACHA_6_N015,32.7441,-116.96
Load Node,BORDER_6_N001,32.5663,-116.94
Load Node,BORDER_6_N008,32.5663,-116.94
Generation Node,NSCOGEN_7_B1,32.6816,-117.12
Load Node,CRUSHER_6_N001,37.0216,-122.15
Load Node,TRIMBLE_1_N004,37.42,-121.73
Load Node,TRIMBLE_1_N010,37.42,-121.73
Load Node,TRIMBLE_1_N016,37.42,-121.73
Load Node,TRIMBLE_1_N020,37.42,-121.73
Load Node,MENLO_6_N001,37.4329,-122.2
Load Node,MENLO_6_N002,37.4329,-122.2
Load Node,MENLO_6_N003,37.4329,-122.2
Load Node,MENLO_6_N004,37.4329,-122.2
Load Node,OMWD_6_N001,33.0685,-117.14
Load Node,CICCOGN_7_N001,36.903,-121.76
Generation Node,CICCOGN_7_N002,36.903,-121.76
Load Node,JARVIS_1_N014,37.5956,-122.02
Load Node,JARVIS_1_N016,37.5956,-122.02
Load Node,JARVIS_1_N017,37.5956,-122.02
Load Node,JARVIS_1_N101,37.5956,-122.02
Load Node,SWEETWTR_6_N017,32.6581,-117.09
Load Node,SWEETWTR_6_N018,32.6581,-117.09
Load Node,FRIARS_1_N001,32.779,-117.16
Load Node,FRIARS_1_N009,32.779,-117.16
Generation Node,FRIARS_1_N010,32.779,-117.16
Load Node,FRUITLND_6_N001,40.2858,-123.84
Load Node,HLFMNBY_6_N002,37.4687,-122.43
Load Node,HLFMNBY_6_N004,37.4687,-122.43
Load Node,HLFMNBY_6_N101,37.4687,-122.43
Load Node,GLENCLIF_6_N001,32.7984,-116.5
Load Node,SHAWROAD_1_N001,37.55,-122.42
Load Node,PTMRTTI_6_N001,37.0309,-122.19
Load Node,CAMERON_6_N001,32.6532,-116.49
Load Node,FMC_1_N001,37.3477,-121.92
Load Node,FMC_1_N003,37.3477,-121.92
Load Node,AGNEW_1_N003,37.51,-121.84
Load Node,BNTACRB_6_N001,37.7529,-121.35
Load Node,PLOALTO_1_N001,33.3559,-117.11
Load Node,PLOALTO_1_N007,33.3559,-117.11
Load Node,PLOALTO_1_N013,33.3559,-117.11
Generation Node,PLOALTO_1_N019,33.3559,-117.11
Load Node,SNJSEA_1_N001,37.3282,-121.9
Load Node,SNJOSEB_1_N009,37.3409,-121.9
Load Node,SNJOSEB_1_N001,37.3409,-121.9
Load Node,SNJOSEB_1_N005,37.3409,-121.9
Load Node,SNJOSEB_1_N013,37.3409,-121.9
Load Node,SNJSEA_1_N005,37.3282,-121.9
Load Node,SNJSEA_1_N101,37.3282,-121.9
Load Node,PNEGRVE_6_N001,38.4127,-120.66
Load Node,PNEGRVE_6_N002,38.4127,-120.66
Load Node,BAYMDWS_1_N001,37.5515,-122.29
Load Node,BAYMDWS_1_N004,37.5515,-122.29
Load Node,BAYMDWS_1_N008,37.5515,-122.29
Load Node,BAYMDWS_1_N012,37.5515,-122.29
Load Node,COLONY_6_N001,38.1901,-121.18
Load Node,KNGHTSLD_1_N001,38.8093,-121.75
Load Node,FELICITA_6_N001,33.0932,-117.07
Load Node,FELICITA_6_N005,33.0932,-117.07
Load Node,FELICITA_6_N009,33.0932,-117.07
Load Node,MONTGMRY_6_N001,32.6316,-117.1
Load Node,MONTGMRY_6_N002,32.6316,-117.1
Load Node,CHEROKEE_6_N001,38.0055,-121.24
Load Node,WOODSIDE_6_N001,37.4362,-122.24
Load Node,WOODSIDE_6_N003,37.4362,-122.24
Load Node,WOODSIDE_6_N004,37.4362,-122.24
Load Node,SANTEE_1_N001,32.8545,-116.97
Load Node,SANTEE_1_N003,32.8545,-116.97
Load Node,SANTEE_1_N004,32.8545,-116.97
Load Node,ROBROY_1_N001,36.9799,-121.87
Load Node,MERIDIAN_6_N101,49.3127,-122.81
Load Node,SUNOL_6_N001,37.5869,-121.87
Load Node,ELPATIO_1_N001,37.2922,-121.94
Load Node,ELPATIO_1_N006,37.2922,-121.94
Load Node,ELPATIO_1_N015,37.2922,-121.94
Generation Node,ELPATIO_1_N019,37.37,-121.7
Load Node,PLACER_1_N001,38.9013,-121.09
Load Node,MANTECA_1_N001,37.8014,-121.22
Load Node,MANTECA_1_N002,37.8014,-121.22
Load Node,MANTECA_1_N012,37.8014,-121.22
Load Node,MANTECA_1_N013,37.8014,-121.22
Load Node,LOCKHD2_1_N001,37.4162,-122.03
Load Node,AMD_1_N001,37.37,-121.93
Load Node,CRYSTLSG_6_N001,37.5289,-122.36
Load Node,APPMAT_1_N001,37.36,-121.98
Load Node,APPMAT_1_N010,37.36,-121.98
Load Node,MABURY_6_N001,37.3609,-121.86
Generation Node,SOUTHBAY_6_B1,32.62,-117.08
Load Node,BRITTN_1_N001,37.3743,-122.02
Load Node,BRITTN_1_N005,37.3743,-122.02
Load Node,BRITTN_1_N006,37.3743,-122.02
Load Node,LOSALTS_6_N004,37.3939,-122.11
Load Node,LOSALTS_6_N005,37.3939,-122.11
Load Node,LOSALTS_6_N101,37.3939,-122.11
Load Node,LYTNVLLE_6_N001,39.685,-123.48
Load Node,ERTA_6_N001,36.9306,-121.76
Load Node,FLINT_1_N001,38.8853,-121.07
Load Node,PARADISX_6_N001,39.7615,-121.62
Load Node,PARADISX_6_N004,39.7615,-121.62
Load Node,LOSCOCHS_6_N001,32.8598,-116.9
Load Node,LOSCOCHS_6_N033,32.8598,-116.9
Load Node,LOSCOCHS_6_N034,32.8598,-116.9
Load Node,BELLPGE_1_N001,38.9474,-121.09
Load Node,BELLPGE_1_N005,38.9474,-121.09
Generation Node,MISSION_2_N035,32.7842,-117.14
Load Node,CARLTNHS_1_N001,32.8549,-117.01
Load Node,CARLTNHS_1_N004,32.8549,-117.01
Generation Node,CARLTNHS_1_N011,32.8549,-117.01
Generation Node,CARLTNHS_1_N012,32.8549,-117.01
Generation Node,KIFER_1_B1,37.53,-121.77
Load Node,JMSCNPMP_1_N001,38.19,-122.47
Load Node,GRNTHLL_1_N001,32.8045,-116.92
Load Node,VIERRA_1_N001,37.85,-121.24
Load Node,BURLNGME_1_N001,37.5896,-122.36
Generation Node,APPLEHL_1_N004,38.7398,-120.68
Load Node,APPLEHL_1_N001,38.7398,-120.68
Load Node,APPLEHL_1_N002,38.7398,-120.68
Load Node,SPICAMIN_1_N001,38.7398,-120.68
Load Node,MONTERO_6_N004,38.4715,-123.01
Load Node,MONTERO_6_N001,38.4715,-123.01
Load Node,CAROLNDS_6_N001,37.5529,-122.38
Load Node,CAROLNDS_6_N002,37.5529,-122.38
Load Node,OLEMA_6_N001,38.0425,-122.79
Load Node,NORTECH_1_N001,37.46,-121.76
Load Node,CPLECEF_1_N001,37.26,-121.64
Load Node,CPLECEF_1_N005,37.26,-121.64
Generation Node,LECEFGT1_7_B1,37.25,-121.77
Load Node,LIMESTNE_6_N001,38.6338,-120.98
Load Node,LIMESTNE_6_N005,38.6338,-120.98
Load Node,LIVERMRE_6_N001,37.6801,-121.78
Load Node,LIVERMRE_6_N003,37.6801,-121.78
Load Node,MABURY_1_N001,37.3609,-121.86
Load Node,HILLSDLE_6_N001,37.5363,-122.32
Load Node,NEWMAN_6_B2,37.3154,-121.02
Load Node,NEWMAN_6_N001,37.3154,-121.02
Load Node,TRINIDAD_6_N001,41.0642,-124.13
Load Node,IUKA_6_N001,37.666,-121.83
Load Node,PLACERVL_1_N001,38.7302,-120.79
Load Node,LAWRENCE_1_N001,37.3972,-122.01
Load Node,LAWRENCE_1_N003,37.3972,-122.01
Load Node,LAWRENCE_1_N004,37.3972,-122.01
Generation Node,LAWRENCE_1_N006,37.3972,-122.01
Load Node,DIXONLD_1_N001,37.4578,-121.92
Load Node,DIXONLD_1_N002,37.4578,-121.92
Load Node,DIXONLD_1_N008,37.4578,-121.92
Load Node,CATALYST_7_N001,37.3365,-121.88
Generation Node,CATALYST_7_N002,37.3365,-121.88
Load Node,VINEYARD_6_N001,37.6696,-121.85
Load Node,OROLOMA_6_N001,36.8869,-120.66
Generation Node,PLCRVLB2_7_N001,38.7302,-120.79
Generation Node,PLCRVLB2_7_N002,38.7302,-120.79
Load Node,BERESFRD_6_N001,37.565,-122.32
Load Node,BERESFRD_6_N002,37.565,-122.32
Load Node,CLAMMNA_1_N001,37.8078,-121.28
Load Node,COTATI_6_N102,38.3097,-122.73
Load Node,COTATI_6_N101,38.3097,-122.73
Load Node,LOCKHD1_1_N001,37.4091,-122.03
Load Node,RADUM_6_N004,37.6726,-121.86
Load Node,RADUM_6_N001,37.6726,-121.86
Load Node,URICH_6_N001,38.0299,-122.1
Load Node,VICTOR_6_N001,38.1456,-121.18
Load Node,VICTOR_6_N002,38.1456,-121.18
Load Node,NARROWS_6_N010,33.1372,-116.29
Load Node,BIGBASN_6_N001,37.1295,-122.17
Load Node,SPENCE_6_N001,36.6136,-121.57
Load Node,DMNDSPR_1_N001,38.693,-120.83
Load Node,DMNDSPR_1_N003,38.693,-120.83
Load Node,STCKTNAR_6_N001,37.9633,-121.32
Load Node,MILPITAS_1_N001,37.4154,-121.89
Load Node,MILPITAS_1_N003,37.4154,-121.89
Load Node,MILPITAS_1_N005,37.4154,-121.89
Load Node,MILPITAS_1_N006,37.4154,-121.89
Generation Node,MILPITAS_1_N008,37.4154,-121.89
Load Node,MOFTFLD_1_N002,37.41,-122.04
Load Node,SHNGLESR_1_N103,38.6596,-120.95
Load Node,SHNGLESR_1_N001,38.6596,-120.95
Load Node,SHNGLESR_1_N004,38.6596,-120.95
Load Node,NBRANCH_6_N001,38.1998,-120.72
Load Node,ASH_6_N001,33.1365,-117.07
Load Node,ASH_6_N005,33.1365,-117.07
Load Node,ASH_6_N101,33.1365,-117.07
Load Node,MRYSVLLE_6_N001,39.1394,-121.58
Load Node,MRYSVLLE_6_N003,39.1394,-121.58
Load Node,CORNING_6_N004,39.932,-122.19
Load Node,CORNING_6_N006,39.932,-122.19
Load Node,CORNING_6_N102,39.932,-122.19
Load Node,HARDING_6_N001,37.9637,-121.29
Load Node,HARDING_6_N004,37.9637,-121.29
Generation Node,STAUFER_7_B1,38.0333,-122.12
Load Node,SANMATO_6_N001,37.5833,-122.32
Load Node,PHILLIPS_1_N001,37.34,-122.03
Generation Node,SONMALF_7_B1,38.2766,-122.46
Load Node,MCKEE_1_N001,37.3664,-121.84
Load Node,MCKEE_1_N005,37.3664,-121.84
Load Node,MCKEE_1_N101,37.3664,-121.84
Load Node,WARENCYN_6_N001,33.0155,-117
Load Node,WARENCYN_6_N002,33.0155,-117
Load Node,TERMNOUS_6_N001,38.1165,-121.42
Load Node,NUMITAP_1_N003,37.5,-122.04
Load Node,HOLLISTR_1_N001,36.8627,-121.41
Load Node,HOLLISTR_1_N004,36.8627,-121.41
Load Node,HOLLISTR_1_N101,36.8627,-121.41
Load Node,ZANKER_1_N001,37.47,-121.81
Load Node,ZANKER_1_N003,37.47,-121.81
Load Node,OAKC12_7_N002,37.7974,-122.28
Generation Node,OAKLND12_7_N001,37.7974,-122.28
Load Node,CARTWRT_1_N001,37.79,-122.25
Load Node,CARTWRT_1_N010,37.79,-122.25
Load Node,METTLER_6_N001,38.0781,-121.29
Load Node,MPLECRK_6_N001,40.7679,-123.87
Load Node,TOCALOMA_6_N001,38.0552,-122.76
Generation Node,OAKLND12_7_N101,37.7974,-122.28
Generation Node,OAKLAND_1_B1,37.8,-122.27
Load Node,OAKLAND_1_N001,37.7974,-122.28
Load Node,OAKLAND_1_N006,37.7974,-122.28
Load Node,OAKLAND_1_N033,37.7974,-122.28
Generation Node,OAKLND3_7_N001,37.7974,-122.28
Load Node,SANMATEO_1_N001A,33.4095,-117.59
Load Node,SUNYSIDE_6_N001,32.658,-117.03
Load Node,AMESBS_1_N004,37.4175,-122.07
Load Node,AMESBS_1_N101,37.4175,-122.07
Load Node,AMESDST_1_N001,37.4175,-122.07
Load Node,FRANKLIN_6_N003,38.0123,-122.26
Load Node,STATIN-L_7_N001,37.8102,-122.27
Load Node,HAMILTON_6_N001,39.7462,-122.01
Load Node,BRUNSWCK_1_N101,39.2311,-121.03
Load Node,STATINL_1_N001,37.8102,-122.27
Generation Node,CPESCNDO_7_A1,33.1255,-117.12
Load Node,ESCNDIDO_6_N001,33.1255,-117.12
Load Node,ESCNDIDO_6_N046,33.1255,-117.12
Load Node,ESCNDIDO_6_N053,33.1255,-117.12
Load Node,POWAY_6_N001,32.9787,-117.03
Load Node,POWAY_6_N010,32.9787,-117.03
Load Node,BIGRIVR_6_N001,39.3115,-123.79
Load Node,LOYOLA_6_N001,37.3607,-122.1
Load Node,LOYOLA_6_N004,37.3607,-122.1
Generation Node,SOUTHBAY_1_B1,32.62,-117.08
Load Node,AMFORST_6_N001,38.3692,-120.8
Load Node,STATINX_1_N001,37.8055,-122.23
Load Node,STATINX_1_N012,37.8055,-122.23
Load Node,STATINX_1_N014,37.8055,-122.23
Load Node,STATINX_1_N024,37.8055,-122.23
Load Node,CHCARITA_1_N001,32.96,-117.09
Load Node,CHCARITA_1_N004,32.96,-117.09
Generation Node,CHCARITA_1_N012,32.96,-117.09
Load Node,CHCARITA_1_N008,32.96,-117.09
Load Node,MSHR60V_6_N001,38.0215,-121.28
Load Node,MSHR60V_6_N006,38.0215,-121.28
Load Node,CLRKSVLE_1_N001,38.6555,-121.06
Load Node,CLRKSVLE_1_N003,38.6555,-121.06
Generation Node,CLRKSVLE_1_N010,38.6555,-121.06
Load Node,CLRKSVLE_1_N004,38.6555,-121.06
Load Node,WESTLANE_6_N001,37.9907,-121.28
Generation Node,ESCNDIDO_2_B1,33.13,-117.12
Load Node,STONE_1_N001,37.3037,-121.87
Load Node,STONE_1_N005,37.3037,-121.87
Load Node,FREMNT_1_N001,37.5411,-121.96
Load Node,FREMNT_1_N007,37.5411,-121.96
Load Node,FREMNT_1_N013,37.5411,-121.96
Load Node,NRTHTWR_1_N001,38.066,-122.2
Load Node,NRTHTWR_1_N002,38.066,-122.2
Load Node,NRTHTWR_1_N004,38.066,-122.2
Load Node,WATRSHED_6_N001,37.4878,-122.31
Load Node,DELMAR_6_N001A,38.7988,-121.22
Load Node,DELMAR_6_N005,38.7988,-121.22
Load Node,HORSESHE_1_N001,38.7443,-121.16
Load Node,HORSESHE_1_N002,38.7443,-121.16
Load Node,MARTELL_6_N001,38.3692,-120.8
Load Node,MARTINEZ_1_N001,38.02,-122.16
Load Node,ALLEGHNY_6_N001,39.4649,-120.84
Load Node,ENICOLS_6_N001,38.9098,-121.54
Load Node,ROCKLIN_6_N001,38.788,-121.23
Load Node,ROCKLIN_6_N003,38.788,-121.23
Load Node,LYOTH-SP_6_N001,37.7219,-121.39
Load Node,BNAVSTA_6_N001,36.6533,-121.63
Load Node,BNAVSTA_6_N002,36.6533,-121.63
Load Node,BNAVSTA_6_N003,36.6533,-121.63
Load Node,CORRAL_6_N001,38.1015,-120.93
Load Node,CORRAL_6_N003,38.1015,-120.93
Load Node,CLSAJCT_6_N001,39.1909,-121.99
Load Node,BANTA_6_N001,37.7529,-121.35
Load Node,HIGGINS_1_N001,39.0435,-121.09
Load Node,HIGGINS_1_N002,39.0435,-121.09
Load Node,HIGGINS_1_N004,39.0435,-121.09
Generation Node,HIGGINS_1_N007,39.0435,-121.09
Load Node,STATIND_1_N001,37.8375,-122.26
Load Node,STATIND_1_N010,37.8375,-122.26
Load Node,STATIND_1_N013,37.8375,-122.26
Generation Node,NEWARKD_1_B2,37.5,-121.96
Load Node,NEWARKD_1_N001,37.5004,-121.99
Load Node,NEWARKD_1_N012,37.5004,-121.99
Generation Node,NEWARKD_1_N126,37.5004,-121.99
Generation Node,CPESCNDO_7_B1,33.1255,-117.12
Load Node,CARBONA_6_N003,37.6922,-121.42
Load Node,CARBONA_6_N101,37.6922,-121.42
Load Node,ESCO_6_N001,33.1157,-117.09
Load Node,ESCO_6_N004,33.1157,-117.09
Load Node,EVRGREEN_1_N001,37.3033,-121.84
Load Node,EVRGREEN_1_N019,37.3033,-121.84
Generation Node,MANDLY3G_7_B1,34.2074,-119.25
Load Node,MANDLY3G_7_N001,34.2074,-119.25
Generation Node,WILLAMET_7_B1,34.3009,-119.19
Generation Node,SCLARA_6_N008,34.3009,-119.19
Load Node,SCLARA_6_N001,34.3009,-119.19
Load Node,SHLLCHM_6_N001,38.0316,-121.95
Generation Node,PROCGEN_7_B1,34.3009,-119.19
Generation Node,OXGEN_7_B1,34.3009,-119.19
Generation Node,MANDLY1G_7_B1,34.2074,-119.25
Load Node,MANDLY1G_7_N002,34.2074,-119.25
Generation Node,MANDLY2G_7_B1,34.2074,-119.25
Load Node,MANDLY2G_7_N002,34.2074,-119.25
Generation Node,SCLARA_2_B1,34.3,-119.19
Load Node,HARTER_6_N001,39.1433,-121.65
Load Node,HARTER_6_N003,39.1433,-121.65
Load Node,SWIFT_1_N003,37.3225,-121.8
Load Node,SWIFT_1_N006,37.3225,-121.8
Load Node,SWIFT_1_N001,37.3225,-121.8
Load Node,TESSUB_2_N001,37.73,-121.93
Load Node,GRNVALY_1_N011,36.9521,-121.76
Load Node,EMRLDLE_6_N001,37.4622,-122.28
Load Node,GRNVALY_1_N001,36.9521,-121.76
Generation Node,GRNVALY_1_N025,36.9521,-121.76
Load Node,NWKDIST_2_N001,37.48,-121.98
Load Node,NWKDIST_2_N004,37.48,-121.98
Load Node,PNTARNA_6_N001,38.9126,-123.68
Load Node,GARCIA_6_N001,38.8888,-123.55
Load Node,BOLINAS_6_N001,37.9411,-122.71
Generation Node,GILROYF_1_B1,37.14,-121.58
Load Node,GILROYF_1_N001,37.14,-121.58
Generation Node,GLRYCGG1_7_B2,37.13,-121.56
Load Node,GLRYCGG1_7_N001,37.13,-121.56
Load Node,LLAGAS_1_N001,37.0069,-121.56
Load Node,LLAGAS_1_N003,37.0069,-121.56
Load Node,LLAGAS_1_N005,37.0069,-121.56
Load Node,CRCANAL_6_N001,40.1384,-122.21
Load Node,MTVIEW_1_N005,34.0792,-117.24
Load Node,MTVIEW_1_N001,34.0792,-117.24
Load Node,MTVIEW_1_N004,34.0792,-117.24
Load Node,CLARMNT_1_N001,32.8259,-117.18
Generation Node,CLARMNT_1_N028,32.8259,-117.18
Load Node,WHISMAN_1_N001,37.4049,-122.07
Load Node,WHISMAN_1_N004,37.4049,-122.07
Load Node,WHISMAN_1_N009,37.4049,-122.07
Load Node,DFS_1_N001,36.72,-120.6
Load Node,OLIVHRST_1_N001,39.0919,-121.54
Load Node,OLIVHRST_1_N002,39.0919,-121.54
Generation Node,OLEUM_1_B1,38.04,-122.25
Load Node,STKTONA_6_N001,37.9471,-121.29
Load Node,STKTONA_6_N004,37.9471,-121.29
Load Node,POMERADO_6_N001,32.9414,-117.03
Load Node,POMERADO_6_N004,32.9414,-117.03
Load Node,POMERADO_6_N008,32.9414,-117.03
Load Node,PERMNNTE_6_N002,34.3558,-116.86
Generation Node,GOALLINE_6_N001,33.1157,-117.09
Generation Node,RIOOSO_1_N033,38.9364,-121.47
Generation Node,SLAC_2_N005,37.42,-122.2
Load Node,SLA_2_N001,37.42,-122.2
Load Node,SLA_2_N004,37.42,-122.2
Load Node,TYLER_6_N001,40.1384,-122.21
Load Node,TYLER_6_N002,40.1384,-122.21
Load Node,GERBER_6_N101,40.0642,-122.16
Load Node,ELK_6_N001,39.1295,-123.71
Load Node,RICHMOND_1_N001,37.9259,-122.37
Generation Node,RICHMOND_1_N004,37.9259,-122.37
Load Node,DUNBAR_6_N001,38.3832,-122.53
Load Node,DUNBAR_6_N002,38.3832,-122.53
Load Node,RAWSON_6_N002,40.1453,-122.21
Load Node,RAWSON_6_N001,40.1453,-122.21
Generation Node,NEORBLF_7_B1,40.1827,-122.24
Load Node,WHITMORE_6_N001,40.6288,-121.92
Load Node,VALLYVW_1_N001,37.9661,-122.28
Load Node,VALLYVW_1_N003,37.9661,-122.28
Load Node,IMHOFF_1_N001,38.0015,-122.07
Generation Node,NEWARK_2_B1,37.51,-121.95
Generation Node,NEWARK_2_B2,37.51,-121.95
Load Node,WHEATLND_6_N001,39.0131,-121.42
Load Node,STAFFORD_6_N002,38.12,-122.61
Load Node,STAFFORD_6_N101,38.12,-122.61
Load Node,DUMBARTN_1_N001,37.5571,-122.06
Load Node,DUMBARTN_1_N003,37.5571,-122.06
Load Node,DUMBARTN_1_N011,37.5571,-122.06
Load Node,STELLING_1_N001,37.336,-122.04
Load Node,STELLING_1_N004,37.336,-122.04
Load Node,STELLING_1_N007,37.336,-122.04
Load Node,WOLFE_1_N001,37.3351,-122.02
Load Node,WOLFE_1_N002,37.3351,-122.02
Load Node,WOLFE_1_N007,37.3351,-122.02
Load Node,CRWSLDG_6_N001,37.3773,-121.09
Load Node,WEBER_6_N001,37.9198,-121.24
Load Node,ARCATA_6_N001,40.8671,-124.09
Load Node,CRESTWD_6_N001,32.699,-116.35
Load Node,CHALLNGE_6_N001,39.4854,-121.22
Load Node,VIEJOSC_2_N001,36.5787,-121.91
Load Node,VIEJOSC_2_N004,36.5787,-121.91
Load Node,HAMMER_6_N004,38.0213,-121.32
Load Node,HAMMER_6_N003,38.0213,-121.32
Load Node,HAMMER_6_N001,38.0213,-121.32
Load Node,MRGNHIL_1_N007,37.1274,-121.66
Load Node,MRGNHIL_1_N001,37.1274,-121.66
Load Node,MRGNHIL_1_N004,37.1274,-121.66
Generation Node,KUMEYAAY_7_N001,32.699,-116.35
Load Node,BOLLMAN_1_N003,38.04,-121.98
Load Node,PITTSBRG_6_N101,38.0308,-121.87
Load Node,TRACY_1_N001,37.7484,-121.42
Load Node,TRACY_1_N002,37.7484,-121.42
Load Node,TRACY_1_N007,37.7484,-121.42
Load Node,TRACY_1_N101,37.7484,-121.42
Load Node,VIEJO_6_N001,36.5787,-121.91
Load Node,VIEJO_6_N003,36.5787,-121.91
Generation Node,GOLDHILL_1_N033,38.6584,-121.14
Load Node,PIKECTY_6_N001,39.4387,-121
Load Node,JANSCRK_6_N003,40.9053,-124.07
Load Node,JANSCRK_6_N001,40.9053,-124.07
Load Node,CASTROVL_2_N001,37.6913,-122.06
Load Node,CASTROVL_2_N003,37.6913,-122.06
Load Node,CASTROVL_2_N006,36.7627,-121.74
Load Node,BORONDA_6_N001,36.69,-121.68
Generation Node,BELLOTA_2_B1,38.02,-121.01
Load Node,OIGLASS_1_N001,37.75,-121.31
Load Node,ELCRRTO_1_N001,37.9162,-122.3
Load Node,ELCRRTO_1_N023,37.9162,-122.3
Load Node,LEPRINO_1_N001,37.7484,-121.42
Load Node,LPFLKBD_6_N001,40.9053,-124.07
Load Node,STDOIL_1_N009,37.94,-122.38
Generation Node,CHEVGEN1_7_B1,37.93,-122.38
Generation Node,CHEVGEN2_7_B1,37.95,-122.4
Load Node,ANITA_6_N001,39.811,-121.92
Generation Node,COLLRVL1_7_B1,38.14,-120.4
Generation Node,COLLRVL2_7_B1,38.15,-120.39
Load Node,TELECYN_1_N001,32.6379,-117.02
Load Node,TELECYN_1_N006,32.6379,-117.02
Load Node,TELECYN_1_N014,32.6379,-117.02
Load Node,PIERCY_1_N201,37.28,-121.83
Load Node,SANPBLO_1_N001,37.9848,-122.34
Generation Node,RALSTON_2_B1,39,-120.72
Load Node,WINTERS_6_N001,38.5177,-121.95
Load Node,VINA_6_N001,39.9416,-122.04
Load Node,PETLMAC_6_N002,38.239,-122.64
Load Node,PETLMAC_6_N003,38.239,-122.64
Load Node,PETLMAC_6_N004,38.239,-122.64
Load Node,PPSTLTAP_1_N001,38.02,-122.37
Load Node,PPSTLTAP_1_N104,38.02,-122.37
Load Node,MORAGA_1_N001,37.848,-122.16
Generation Node,MIDLFORK_2_B1,39.02,-120.6
Load Node,WEBER_2_B1,37.9198,-121.24
Load Node,GRANT_1_N001,37.6709,-122.16
Load Node,GRANT_1_N005,37.6709,-122.16
Generation Node,RALSTON_7_B1,39,-120.71
Load Node,SUISUN_1_N001,38.2452,-122.04
Load Node,SUISUN_1_N008,38.2452,-122.04
Load Node,SUISUN_1_N009,38.2452,-122.04
Generation Node,SUISUN_1_N010,38.2452,-122.04
Load Node,VINEYARD_2_N001,37.6696,-121.85
Load Node,VINEYARD_2_N002,37.6696,-121.85
Generation Node,INYO_2_N101,35.6526,-117.79
Load Node,ESTPRTL_1_N001,37.8767,-122.19
Generation Node,MIDLFORK_7_B1,39.03,-120.61
Generation Node,MIDLFORK_7_B3,39.03,-120.61
Load Node,JAMESON_1_N001,38.2057,-122.15
Load Node,SCHMLBCH_1_N001,38.3,-121.87
Generation Node,SEAWEST_6_N001,37.7479,-121.67
Load Node,BRUNSWCK_1_N003,39.2311,-121.03
Load Node,BRUNSWCK_1_N008,39.2311,-121.03
Generation Node,GLEAFTP_1_B1,38.94,-121.51
Load Node,HATTON_6_N001,36.5568,-121.9
Load Node,CANAL_6_N006,37.0664,-120.84
Load Node,CHANNEL_6_N001,37.9553,-121.33
Load Node,EMRYSVE_1_N001,39.1634,-121.56
Load Node,EMRYSVE_1_N003,39.1634,-121.56
Load Node,INGRMC_1_N001,37.83,-121.17
Load Node,PEASE_1_N001,39.1701,-121.66
Load Node,PEASE_1_N008,39.1701,-121.66
Load Node,PEASE_1_N009,39.1701,-121.66
Generation Node,FREC_7_B1,39.0961,-121.62
Load Node,BOGUE_1_N001,39.0961,-121.62
Load Node,BOGUE_1_N201,39.0961,-121.62
Load Node,SALINAS_1_N001,36.6832,-121.65
Generation Node,SALINAS_1_N033,36.68,-121.67
Load Node,SALINAS_1_N024,36.6832,-121.65
Generation Node,VASCJCT_6_B1,37.75,-121.71
Load Node,VASCO_6_N001,37.7113,-121.72
Load Node,VASCO_6_N003,37.7113,-121.72
Load Node,ROGH-RDY_6_N001,37.9553,-121.33
Load Node,SANRAMON_2_N001,37.745,-121.94
Load Node,SANRAMON_2_N023,37.745,-121.94
Generation Node,SANRAMON_2_N025,37.745,-121.94
Load Node,SANRAMON_2_N004,37.745,-121.94
Load Node,SANRAMON_2_N024,37.745,-121.94
Load Node,ENCINAL_6_N001,39.2474,-121.64
Load Node,WOHLER_6_N001,38.512,-122.88
Load Node,MONTEREY_6_N001,36.5999,-121.89
Load Node,EUREKAA_6_N001,40.7939,-124.18
Load Node,LSPSTAS_2_N001,37.7009,-121.73
Load Node,LSPSTAS_2_N002,37.7009,-121.73
Load Node,LSPSTAS_2_N010,37.7009,-121.73
Load Node,LSPSTAS_2_N011,37.7009,-121.73
Load Node,WOODACRE_6_N001,38.0121,-122.65
Load Node,WILLIAMS_6_N001,39.1576,-122.15
Load Node,WILLIAMS_6_N002,39.1576,-122.15
Load Node,LAKEWOOD_1_N009,37.9089,-122.06
Load Node,LAKEWOOD_1_N001,37.9089,-122.06
Load Node,LAKEWOOD_1_N003,37.9089,-122.06
Load Node,LAKEWOOD_1_N004,37.9089,-122.06
Load Node,LAKEWOOD_1_N007,37.9089,-122.06
Load Node,LAKEWOOD_1_N006,37.9089,-122.06
Load Node,TASSAJAR_2_N001,37.7996,-121.91
Load Node,TASSAJAR_2_N002,37.7996,-121.91
Load Node,ANTIOCH_6_N001,38.0135,-121.82
Load Node,HARRIS_6_N001,40.781,-124.13
Load Node,HARRIS_6_N003,40.781,-124.13
Generation Node,ELECTRA_2_B1,38.33,-120.66
Load Node,SARATOGA_2_N001,37.2809,-122.01
Load Node,SARATOGA_2_N006,37.2809,-122.01
Load Node,SARATOGA_2_N011,37.2809,-122.01
Load Node,PRCTRVLY_1_N001,32.665,-116.99
Load Node,PRCTRVLY_1_N010,32.665,-116.99
Load Node,CNTRYCB_6_N002,37.9796,-121.32
Load Node,CNTRYCB_6_N001,37.9796,-121.32
Load Node,CNTRYCB_6_N004,37.9796,-121.32
Load Node,CNTRYCB_6_N006,37.9796,-121.32
Load Node,EUREKA_6_N001,40.7939,-124.18
Load Node,FORTORD_6_N001,36.6434,-121.79
Load Node,ROSSMOOR_2_N001,37.8647,-122.08
Load Node,ROSSMOOR_2_N101,37.8647,-122.08
Generation Node,USWP-WKR_6_B2,37.81,-121.61
Load Node,EBMUDGRY_1_N001,37.93,-122.04
Load Node,HAMMONDS_1_N001,36.7201,-120.6
Load Node,SAFEWAY_1_N001,37.71,-121.4
Load Node,SNTAYNZ_1_N001,34.6253,-120.12
Load Node,SNTAYNZ_1_N002,34.6253,-120.12
Load Node,PUEBLOPG_1_N010,38.3453,-122.3
Load Node,PUEBLOPG_1_N001,38.3453,-122.3
Load Node,BLUELKE_6_N001,40.8801,-123.98
Load Node,NVYSCHL_6_N001,36.5991,-121.88
Load Node,VASONA_2_N001,37.26,-121.9
Load Node,MTEDEN_1_N009,37.6326,-122.1
Load Node,MTEDEN_1_N005,37.6326,-122.1
Load Node,MTEDEN_1_N001,37.6326,-122.1
Load Node,MEDWLNE_1_N001,37.9631,-122.05
Load Node,MEDWLNE_1_N002,37.9631,-122.05
Load Node,MEDWLNE_1_N006,37.9631,-122.05
Generation Node,TIGRCRK_2_B1,38.45,-120.47
Load Node,CLAY_6_N001,38.3424,-120.93
Load Node,HILLSIDE_1_N004,37.88,-122.24
Load Node,HILLSIDE_1_N001,37.88,-122.24
Load Node,WILLOWS_6_N001,39.5318,-122.19
Load Node,ALHAMBRA_1_N001,37.9941,-122.13
Load Node,ALHAMBRA_1_N002,37.9941,-122.13
Load Node,DOBBINS_6_N001,39.3396,-121.2
Load Node,HOMEGRND_1_N001,38.96,-122.84
Generation Node,RNCHSECO_2_N108,38.45,-121.3
Generation Node,RNCHSECO_2_N107,38.34,-121.12
Generation Node,RNCHSECO_2_N109,38.4,-121.22
Generation Node,RNCHSECO_2_N110,38.34,-121.11
Load Node,BUELLTON_1_N003,34.6253,-120.19
Load Node,BUELLTON_1_N001,34.6253,-120.19
Load Node,CLMBAHL_6_N001,39.3319,-121.1
Generation Node,MOORPARK_6_N005,34.2825,-118.9
Generation Node,MOORPARK_6_N007,34.2825,-118.9
Load Node,MOORPARK_6_N001,34.2825,-118.9
Generation Node,MOORPARK_6_N006,34.2825,-118.9
Load Node,HOMEPROC_1_N001,38.94,-122.85
Generation Node,HUMBOLDT_1_B1,40.77,-124.07
Load Node,NDUBLIN_2_N002,37.86,-121.88
Load Node,LUIS#3_1_N001,36.65,-120.73
Load Node,STAGG_6_N001,37.9916,-121.35
Load Node,STAGG_6_N003,37.9916,-121.35
Generation Node,HMBLDTB_1_N08,40.7828,-124.11
Generation Node,STIGCC_7_B1,38.09,-121.37
Generation Node,ORMOND2G_7_B1,34.1316,-119.14
Generation Node,ORMOND1G_7_B1,34.1316,-119.14
Generation Node,MOORPARK_2_B1,34.28,-118.9
Load Node,BRWNSVY_6_N001,39.2262,-121.42
Load Node,LUIS#5_1_N001,36.72,-120.75
Load Node,EIGHTMI_2_N017,38.0581,-121.38
Load Node,RICHMOND_1_B1,37.9259,-122.37
Load Node,SOBRANTE_1_N001,37.9059,-122.21
Load Node,STONYPT_1_N001,38.42,-122.78
Load Node,HICKS_2_N001,37.2341,-121.9
Load Node,HICKS_2_N002,37.2341,-121.9
Load Node,HICKS_2_N007,37.2341,-121.9
Generation Node,HICKS_2_N012,37.2341,-121.9
Load Node,CAMBRIA_6_N001,35.6002,-121.12
Load Node,DIXON-J1_6_N101,38.4454,-121.83
Load Node,DIXON_6_B1,38.4454,-121.83
Load Node,DIXON_6_N002,38.4454,-121.83
Load Node,WPBART_1_N004,38.02,-121.98
Load Node,WPBART_1_N001,38.02,-121.98
Load Node,STAGG_2_N001,37.9916,-121.35
Load Node,STAGG_2_N014,37.9916,-121.35
Generation Node,STAGG_2_N015,37.9916,-121.35
Load Node,PETLMAA_6_N001,38.234,-122.64
Load Node,ORLANDB_6_N001,39.7251,-122.18
Load Node,ORLANDB_6_N003,39.7251,-122.18
Load Node,CORDELIA_6_N001,38.2161,-122.11
Load Node,FTCHMTN_6_N001,38.6061,-122.85
Load Node,FTCHMTN_6_N003,38.6061,-122.85
Generation Node,NAPA_6_N003,38.2954,-122.28
Load Node,ACTONSC_6_N001,45.6358,-121.94
Load Node,OXFORD_1_N001,36.7,-120.68
Load Node,SANRAFL_1_N006,37.9708,-122.53
Load Node,SANRAFL_1_N007,37.9708,-122.53
Load Node,SANRAFL_1_N001,37.9708,-122.53
Load Node,GYSRVLLE_6_N003,38.7098,-122.91
Generation Node,GYSRVLLE_6_N005,38.7098,-122.91
Load Node,GYSRVLLE_6_N001,38.7098,-122.91
Load Node,BELLVUE_1_N005,38.379,-122.71
Load Node,BELLVUE_1_N001,38.379,-122.71
Load Node,BELLVUE_1_N003,38.379,-122.71
Load Node,WSTLD1RA_1_N001,36.72,-120.72
Generation Node,CRESTA_2_B1,39.96,-121.28
Load Node,EXXONBH_7_N001,38.0809,-122.14
Generation Node,EXXONBH_7_B2,38.0809,-122.14
Load Node,DIRYVLLE_6_N001,40.128,-122.1
Load Node,BAHIA_2_N001,38.0809,-122.14
Load Node,BAHIA_2_N011,38.0809,-122.14
Generation Node,BAHIA_2_N018,38.0809,-122.14
Generation Node,CONTROLX_1_N002,37.3428,-118.47
Load Node,CONTROLX_1_N001,37.3428,-118.47
Generation Node,CONTROLX_1_N005,37.3428,-118.47
Generation Node,CONTROLX_1_N003,37.3428,-118.47
Generation Node,CONTROLX_1_N004,37.3428,-118.47
Generation Node,BCKSCRK_2_B1,39.9,-121.31
Load Node,BANGOR_6_N001,39.3881,-121.4
Generation Node,ROCKCRK_2_B1,39.91,-121.35
Generation Node,HIGHLD_1_N006,38.9374,-122.61
Generation Node,HIGHLD_1_N004,38.9374,-122.61
Load Node,HIGHLD_1_N001,38.9374,-122.61
Load Node,HIGHLD_1_N005,38.9374,-122.61
Generation Node,SLVRPS2_7_N001,37.755,-1.20E-13
Load Node,CONTROL_7_N001,37.3428,-118.47
Generation Node,CONTROL_1_N034,37.3428,-118.47
Generation Node,BSPHYD26_7_N001,37.3362,-118.52
Generation Node,CONTROL_1_B1,37.34,-118.47
Load Node,DELMNTE_1_N010,36.5991,-121.85
Load Node,DELMNTE_1_N201,36.5991,-121.85
Generation Node,BSPHYD34_1_N001,37.3084,-118.54
Load Node,EDENVALE_1_N001,37.2449,-121.8
Load Node,EDENVALE_1_N006,37.2449,-121.8
Load Node,EDENVALE_1_N004,37.2449,-121.8
Load Node,EDENVALE_1_N008,37.2449,-121.8
Load Node,IBM-CTLE_1_N001,37.33,-121.74
Generation Node,IBM-CTLE_1_N002,37.33,-121.74
Generation Node,POE_2_B1,39.68,-121.49
Generation Node,POE1_7_B1,39.67,-121.48
Generation Node,POE2_7_B1,39.69,-121.5
Load Node,MADISON_1_N002,38.6707,-121.97
Load Node,MADISON_1_N201,38.6707,-121.97
Load Node,PERRY_6_N001,35.5708,-121.06
Generation Node,USWP-JRW_2_N001,37.71,-121.86
Generation Node,IENERGY_7_B1,33.9244,-116.57
Load Node,MOLINO_6_N002,38.4253,-122.83
Load Node,MOLINO_6_N101,38.4253,-122.83
Load Node,LSGLLNS_1_N003,38.0223,-122.54
Load Node,LSGLLNS_1_N001,38.0223,-122.54
Load Node,LSGLLNS_1_N002,38.0223,-122.54
Generation Node,SLTSPRG_1_B1,38.5,-120.21
Generation Node,LAKE_2_N028,38.63,-121.14
Generation Node,LAKE_2_N027,38.63,-121.14
Generation Node,LAKE_2_N032,38.63,-121.14
Generation Node,LAKE_2_N024,38.63,-121.14
Generation Node,LAKE_2_N023,38.63,-121.14
Generation Node,LAKE_2_N025,38.63,-121.14
Generation Node,LAKE_2_N026,38.63,-121.14
Generation Node,LAKE_2_N029,38.63,-121.14
Generation Node,LAKE_2_N030,38.63,-121.14
Generation Node,LAKE_2_N031,38.63,-121.14
Generation Node,LAKE_2_N033,38.63,-121.14
Generation Node,LAKE_2_N034,38.63,-121.14
Generation Node,LAKE_2_N035,38.63,-121.14
Generation Node,LAKE_2_N403,38.1,-121.35
Generation Node,LAKE_2_N404,37.98,-121.31
Load Node,IBM-HRRS_1_N001,37.34,-121.74
Load Node,IBM-HRRS_1_N101,37.34,-121.74
Load Node,PENNGRVE_1_N001,38.3155,-122.68
Load Node,MILLER_1_N001,37.81,-121.1
Load Node,CORDELIA_1_N001,38.2161,-122.11
Load Node,SMRTVLTP_6_N101,39.2079,-121.3
Generation Node,NRRWS2TP_6_B1,39.22,-121.28
Generation Node,ROCKCK2_7_B1,39.92,-121.35
Load Node,CHENY_1_N001,36.6328,-120.53
Generation Node,CHCGOPK_1_B1,38.96,-120.9
Load Node,BAILYJ1_1_N010,34.776,-118.78
Load Node,BASALT_6_N101,38.2633,-122.27
Load Node,BASALT_6_N002,38.2633,-122.27
Generation Node,PANOCHE_1_B1,36.65,-120.58
Load Node,ZACA_1_N001,34.6968,-120.15
Load Node,OROVILLE_6_N001,39.5053,-121.56
Load Node,OROVILLE_6_N102,39.5053,-121.56
Load Node,OROVILLE_6_N005,39.5053,-121.56
Load Node,NARROWS1_7_N001,33.1372,-116.29
Generation Node,NARROWS1_7_B1,33.1372,-116.29
Load Node,METCALF_1_N018,37.2244,-121.74
Generation Node,METCALF_1_N044,37.2244,-121.74
Load Node,MIRABEL_6_N001,38.4894,-122.89
Load Node,SALADO_1_N001,37.422,-121.15
Load Node,PHILO_6_N001,39.0637,-123.44
Load Node,NEWBURG_6_N001,40.5946,-124.14
Load Node,NEWBURG_6_N003,40.5946,-124.14
Load Node,SNTARSA_1_N006,38.4369,-122.71
Load Node,SNTARSA_1_N001,38.4369,-122.71
Load Node,SNTARSA_1_N002,38.4369,-122.71
Load Node,EELRIVR_6_N001,40.6027,-124.21
Generation Node,BELDEN_7_B1,40,-121.23
Generation Node,BRDGVLLE_1_B1,40.48,-123.78
Generation Node,COLGATE_2_B1,39.33,-121.19
Load Node,NOVATO_6_N002,38.1086,-122.57
Load Node,NOVATO_6_N001,38.1086,-122.57
Load Node,MAINE-PR_6_N001,38.3858,-121.78
Load Node,BATAVIA_6_N001,38.3858,-121.78
Load Node,PEACHTON_6_N004,39.3785,-121.69
Load Node,PEACHTON_6_N001,39.3785,-121.69
Load Node,PARKWAY_2_N001,38.17,-122.25
Load Node,SAUGUS_6_N001,34.4222,-118.57
Generation Node,SAUGUS_6_N009,34.4222,-118.57
Generation Node,SAUGUS_6_N008,34.4222,-118.57
Generation Node,SAUGUS_6_N012,34.42,-118.57
Generation Node,SAUGUS_6_N010,34.4222,-118.57
Generation Node,COLGATE2_7_B1,39.34,-121.19
Generation Node,PITCHGEN_7_B1,34.4222,-118.57
Generation Node,COLGATE1_7_B1,39.32,-121.18
Load Node,PRAXAIR_1_B1,38,-121.81
Generation Node,ROCKCK1_7_B1,39.91,-121.37
Generation Node,DTCHFL1_1_B1,39.2,-120.84
Load Node,CORONA_1_N001,32.6988,-117.17
Generation Node,SYLMARLA_2_N501,34.45,-118.6
Generation Node,SYLMARS_2_B1,34.35,-118.47
Generation Node,SYLMARS_2_N101,34.34,-118.5
Generation Node,OROENGY_7_B1,39.5053,-121.56
Generation Node,SYLMARDC_2_N501,34.4,-118.55
Load Node,PRUNEDLE_1_N001,36.7855,-121.67
Generation Node,PRUNEDLE_1_N004,36.7855,-121.67
Load Node,PRUNEDLE_1_N002,36.7855,-121.67
Generation Node,MAGUNDEN_2_B1,35.36,-118.92
Load Node,FAIRHAVN_6_N001,40.8003,-124.2
Generation Node,PEARBLSM_2_N020,34.5089,-117.92
Load Node,PEARBMDP_7_B1,34.5089,-117.92
Load Node,PEARBMAP_7_B1,34.5089,-117.92
Load Node,PEARBMAP_7_B3,34.5089,-117.92
Load Node,PEARBMAP_7_B4,34.5089,-117.92
Load Node,PEARBMBP_7_B1,34.5089,-117.92
Load Node,PEARBMBP_7_B3,34.5089,-117.92
Load Node,PEARBMBP_7_B4,34.5089,-117.92
Load Node,PEARBMCP_7_B1,34.5089,-117.92
Load Node,PEARBMCP_7_B3,34.5089,-117.92
Load Node,CLAYTN_1_N004,37.9438,-121.97
Load Node,CLAYTN_1_N030,38.3424,-120.93
Load Node,CLAYTN_1_N029,38.3424,-120.93
Load Node,CLAYTN_1_N001,38.3424,-120.93
Load Node,AEC300_1_N001,37.74,-121.48
Load Node,TEICHERT_1_N001,37.79,-121.36
Generation Node,VINCENT_2_N100,34.4882,-118.12
Generation Node,VINCENT_2_N101,34.4882,-118.12
Load Node,CABRILLO_1_N001,32.7074,-117.25
Generation Node,BRDGVLT_7_N002,40.4796,-123.78
Load Node,BRDGVLT_7_N001,40.4796,-123.78
Load Node,IGNACIO_1_N102,38.0756,-122.54
Generation Node,IGNACIO_1_N028,38.0756,-122.54
Load Node,FOSTERW_7_N001,38.02,-122.06
Generation Node,FOSTERW_7_N004,38.02,-122.06
Load Node,TIDEWATR_2_N014,38.02,-122.06
Load Node,TIDEWATR_2_N001,38.02,-122.06
Generation Node,NARROWS2_7_B1,33.1372,-116.29
Generation Node,ROSEVILL_2_N001,38.34,-121.19
Generation Node,FOLSOM_2_N001,38.65,-121.15
Generation Node,MECSTG3_7_B1,37.24,-121.77
Generation Node,MECCTG1_7_B1,37.24,-121.78
Load Node,MECCTG1_7_N100,37.24,-121.78
Generation Node,MECCTG2_7_B2,37.24,-121.78
Load Node,MECCTG2_7_N100,37.24,-121.78
Load Node,SURF_1_N009,34.61,-120.22
Load Node,LMPC-CTY_1_N001,34.6,-120.39
Load Node,MONROE_1_N002,38.4532,-122.74
Load Node,MONROE_1_N101,38.4532,-122.74
Load Node,HONCUT_1_N001,39.3201,-121.6
Load Node,MONROE_1_N001,38.4532,-122.74
Generation Node,FIBRBJCT_1_B1,38.11,-121.68
Load Node,DOMTAR_1_N001,38.13,-121.65
Generation Node,CCJCT1_1_B1,38.01,-121.78
Load Node,CCSUB_1_N001,38.03,-121.75
Load Node,BRENTWOD_2_N006,37.9195,-121.68
Load Node,BRENTWOD_2_N011,37.9195,-121.68
Load Node,BRENTWOD_2_N001,37.9195,-121.68
Load Node,MANVILLE_1_N001,34.53,-120.43
Load Node,KAMM_1_N001,36.58,-120.52
Generation Node,CROCKTAP_2_B1,37.9,-122.56
Generation Node,CCOS7_7_B1,37.9987,-121.78
Generation Node,CCOSTA_2_B1,38,-121.76
Load Node,CCOSTA_2_N001,37.9987,-121.78
Generation Node,CCOS6_7_B1,37.9987,-121.78
Load Node,CCSUB_2_N001,38.02,-121.76
Load Node,CCSUB_2_N010,38.02,-121.76
Generation Node,DELTAPMP_2_N008,37.86,-121.51
Generation Node,WNDMSTR_2_N001,37.95,-121.71
Load Node,SNTANLA_6_N001,37.086,-121.01
Generation Node,PTSB6_7_B2,38.0308,-121.87
Generation Node,PITSBRG_2_B1,37.89,-121.88
Generation Node,PTSB5_7_B2,38.0308,-121.87
Generation Node,PTS7SWNG_7_B2,38.0308,-121.87
Load Node,PURISIMA_1_N001,34.7006,-120.44
Generation Node,OBANION_2_N025,39,-121.65
Generation Node,ADCC_2_N001,37.61,-121.81
Load Node,SUTTER3_7_ND001,39.5,-121.92
Generation Node,SUTTER1_7_B1,39.5,-121.93
Generation Node,SUTTER2_7_B1,39.51,-121.93
Load Node,SUTTER2_7_ND001,39.51,-121.93
Load Node,TULUCAY_6_N001,38.2479,-122.27
Generation Node,SUTTER3_7_B1,39.5,-121.92
Load Node,SUTTER1_7_ND001,39.5,-121.93
Generation Node,DSAMIGO_2_N011,36.94,-120.83
Load Node,LOWGAP_7_N001,40.4327,-123.47
Generation Node,LOWGAP_7_N002,40.4327,-123.47
Load Node,DECPTSG_2_N018,38.06,-121.87
Load Node,REDBLFF_6_N001,40.1827,-122.24
Load Node,REDBLFF_6_N005,40.1827,-122.24
Load Node,REDBLFF_6_N004,40.1827,-122.24
Load Node,CAPAY_6_N001,39.7761,-122.1
Load Node,DECPTSG_2_N001,38.06,-121.87
Load Node,LAKEVLLE_1_N001,38.2515,-122.58
Generation Node,ALTMMDW_2_N001,37.7468,-121.68
Load Node,NORD1_1_N003,39.76,-121.91
Load Node,NORD1_1_N001,39.76,-121.91
Load Node,KIRKER_1_N001,38.0212,-121.91
Load Node,KIRKER_1_N005,38.0212,-121.91
Load Node,KIRKER_1_N006,38.0212,-121.91
Generation Node,KELSO_2_N012,37.7977,-121.6
Load Node,KELSO_2_N001,37.7977,-121.6
Load Node,WYANDTTE_1_N001,39.4916,-121.54
Load Node,WYANDTTE_1_N102,39.4916,-121.54
Load Node,WYANDTTE_1_N003,39.4916,-121.54
Generation Node,LAKEVILE_2_B1,38.25,-122.58
Generation Node,COLSTJT_1_B1,37.99,-121.86
Load Node,CORTINA_1_N106,39.1214,-122.22
Generation Node,JVENTER_2_N001,37.81,-121.77
Load Node,ELLSGTY_1_N001,33.6853,-117.94
Load Node,VACAVIL_1_N101,38.3565,-121.98
Load Node,VACAVIL_1_N102,38.3565,-121.98
Generation Node,PRKRMID_2_N001,37.5,-122.18
Load Node,LOSCCHS_6_N001,32.8598,-116.9
Load Node,PUTHCRK_1_N001,38.5231,-121.99
Generation Node,USWP-RLF_2_N001,38.19,-121.89
Load Node,SYCAMORE_1_N201,39.7699,-121.82
Load Node,SYCAMORE_1_N301,39.7699,-121.82
Load Node,SYCAMORE_1_N101,39.7699,-121.82
Generation Node,CRCKTCOG_7_N001,37.9,-122.58
Generation Node,WSTLYTID_2_N011,37.796,-121.19
Generation Node,WSTLYSMD_2_N011,37.743,-121.12
Load Node,VACAVIL_1_N001,38.3565,-121.98
Generation Node,PITSBURG_1_B1,38.01,-121.91
Load Node,PITSBURG_1_N001,38.0308,-121.87
Load Node,AMERIGAS_1_N001,38.43,-121.79
Load Node,CARLOTTA_6_N003,40.5411,-124.06
Load Node,CARLOTTA_6_N001,40.5411,-124.06
Generation Node,HMBLTBY_6_N022,40.7828,-124.11
Load Node,HMBLTBY_6_N003,40.7828,-124.11
Load Node,OMAR_2_N001,35.4698,-118.97
Generation Node,OMAR2G_7_B1,35.47,-118.97
Generation Node,OMAR3G_7_B1,35.46,-118.99
Generation Node,OMAR_2_N032,35.4698,-118.97
Generation Node,TESLA_5_B1,37.71,-121.62
Generation Node,TESLA_5_B2,37.71,-121.62
Generation Node,OMAR1G_7_B1,35.47,-118.99
Load Node,PEABODY_2_N002,38.2856,-121.97
Generation Node,PEABODY_2_N010,38.2856,-121.97
Load Node,PEABODY_2_N006,38.2856,-121.97
Load Node,PEABODY_2_N001,38.2856,-121.97
Generation Node,SYCCYN2G_7_B1,35.49,-118.98
Generation Node,SYCCYN4G_7_B1,35.48,-118.97
Generation Node,LMECST1_7_B1,38.03,-121.93
Load Node,LMEC1_1_N101,38.03,-121.91
Load Node,LMEC1_1_N601,38.03,-121.91
Load Node,LMEC1_1_N801,38.03,-121.91
Load Node,LMECCT1_7_N001,38.03,-121.92
Generation Node,LMECCT2_7_B1,38.04,-121.93
Load Node,LMECST1_7_N001,38.03,-121.93
Load Node,LMEC1_1_N001,38.03,-121.91
Load Node,LMECCT2_7_N001,38.04,-121.93
Generation Node,LMECCT1_7_B1,38.03,-121.92
Generation Node,TESLA_1_N027,37.7143,-121.56
Generation Node,TRCYPMP_2_N059,37.7484,-121.42
Generation Node,TRCYPMP_2_N063,37.79,-121.55
Generation Node,TRACYYG_6_N021,37.7484,-121.42
Generation Node,TESLA_1_B1,37.71,-121.57
Generation Node,LLNL_1_N014,37.6,-121.3
Load Node,PARADISE_1_N001,39.7615,-121.62
Load Node,ESQUON_6_N001,39.6079,-121.77
Load Node,KANAKA_1_N001,39.44,-121.39
Generation Node,KANAKA_1_N003,39.44,-121.39
Load Node,VACA-DIX_1_N015,38.38,-121.89
Generation Node,VACA-DIX_1_B1,38.38,-121.89
Generation Node,VACA-DIX_1_N014,38.38,-121.89
Load Node,VACA-DIX_1_N001,38.4016,-121.92
Generation Node,DGVADIX_7_B1,38.4016,-121.92
Load Node,WESTLNDS_1_N019,36.4,-120.32
Load Node,WESTLNDS_1_N001,36.4,-120.32
Generation Node,OMAR4G_7_B1,35.46,-118.96
Load Node,JOLON_6_N001,36.0133,-121.17
Generation Node,KANAKAJT_1_B1,39.49,-121.4
Generation Node,FAYETTE_1_B1,38.06,-121.82
Generation Node,FRBSTNTP_1_B1,39.52,-121.27
Generation Node,USWP-PAT_1_B1,37.88,-121.67
Generation Node,WARNE_2_B1,34.69,-118.8
Generation Node,WOODLEAF_7_B1,39.6,-121.18
Generation Node,PALERMO_1_B1,39.45,-121.51
Generation Node,FULTON_1_B1,38.5,-122.87
Generation Node,FULTON_1_N020,38.4966,-122.76
Load Node,WILLITS_6_N001,39.4057,-123.33
Load Node,ANTLER_6_N001,40.8936,-122.38
Load Node,WILDWOOD_1_N001,40.3871,-123.05
Load Node,CHICOA_6_N001,39.7188,-121.82
Load Node,CHICOA_6_N010,39.7188,-121.82
Load Node,TRESVIS_6_N001,39.4867,-121.69
Generation Node,SANLUIS6_7_B1,36.8615,-120.78
Generation Node,SANLUIS2_7_B3,36.8615,-120.78
Generation Node,SANLUIS4_7_B3,36.8615,-120.78
Generation Node,SANLUIS8_7_B3,36.8615,-120.78
Generation Node,SANLUIS2_7_B1,36.8615,-120.78
Generation Node,SANLUIS6_7_B3,36.8615,-120.78
Generation Node,SANLUIS4_7_B1,36.8615,-120.78
Generation Node,SANLUIS8_7_B1,36.8615,-120.78
Generation Node,FULTON_2_B1,38.49,-122.87
Generation Node,FULTON_2_N037,38.49,-122.87
Load Node,FULTON_2_N010,38.49,-122.87
Load Node,FULTON_2_N049,38.49,-122.87
Load Node,TLRELKE_6_N001,36.0037,-119.95
Generation Node,TJI-230_2_N101,32.54,-117.02
Load Node,BUTTE_1_N010,39.7118,-121.81
Load Node,BUTTE_1_N101,39.7118,-121.81
Load Node,GORMAN_6_N001,34.8014,-118.82
Load Node,OLDRIVR_6_N001,35.2084,-119.1
Load Node,OLDRIVR_6_N006,35.2084,-119.1
Generation Node,MOSSLAND_5_B1,36.82,-121.71
Generation Node,MOSSLND7_7_B2,36.8,-121.7
Load Node,MOSSLND7_7_ND001,36.8,-121.7
Generation Node,THEDV_1_B1,37.69,-121.38
Generation Node,SYCCYN1G_7_B1,35.49,-118.98
Generation Node,SYCCYN3G_7_B1,35.48,-118.99
Generation Node,MOSSLND6_7_B2,36.81,-121.68
Load Node,MOSSLND6_7_ND001,36.81,-121.68
Generation Node,DECSTG1_7_B1,38.07,-121.86
Load Node,PALMR_1_N001,34.8252,-120.3
Generation Node,CSTRVLLE_1_N003,36.7627,-121.74
Generation Node,CSTRVLLE_1_N004,36.7627,-121.74
Load Node,CSTRVLLE_1_N001,36.7627,-121.74
Generation Node,TRACY_5_N047,37.7484,-121.42
Load Node,CAYUCOS_6_N001,35.4487,-120.87
Load Node,CAYUCOS_6_N006,35.4487,-120.87
Generation Node,DECCTG2_7_B1,38.07,-121.86
Generation Node,DECCTG3_7_B1,38.07,-121.87
Generation Node,DECCTG1_7_B1,38.07,-121.87
Load Node,DIVVIDE_1_N001,34.8285,-120.45
Load Node,DIVVIDE_1_N012,34.8285,-120.45
Load Node,DOLANRD_1_N001,36.8003,-121.77
Load Node,FAIRWAY_1_N002,34.9106,-120.45
Load Node,FAIRWAY_1_N001,34.9106,-120.45
Load Node,MCFRLND_6_N001,35.6884,-119.28
Generation Node,FAIRHAVN_7_B1,40.8003,-124.2
Load Node,GIRVAN_6_N001,40.5135,-122.38
Load Node,OCEANO_1_N001,35.1018,-120.58
Load Node,OCEANO_1_N004,35.1018,-120.58
Load Node,ANDERSON_6_N001,40.4498,-122.31
Generation Node,MOSSLD_1_N055,36.82,-121.74
Load Node,MOSSLD_1_N001,36.82,-121.74
Generation Node,LOGANCR_2_N012,39.48,-122.26
Load Node,LOGANCR_2_N001,39.5396,-122.26
Load Node,LOGANCR_2_N010,39.5396,-122.26
Load Node,CALLENDR_1_N001,35.04,-120.6
Generation Node,LOSBANOS_5_B1,37.06,-121.02
Load Node,FRNCHGLH_6_N001,40.6869,-122.64
Generation Node,SJCOGEN_7_B2,36.621,-120.18
Load Node,SJCOGEN_7_N001,37.82,-121.32
Generation Node,SPCJCT_1_B1,37.76,-121.31
Generation Node,PASTORIA_2_B1,34.94,-118.83
Load Node,EDMON5AP_7_N001,34.9863,-118.74
Load Node,EDMON1AP_7_N001,34.9863,-118.74
Load Node,EDMON4AP_7_N001,34.9863,-118.74
Load Node,EDMON2AP_7_N001,34.9863,-118.74
Generation Node,EDMONSTN_2_N023,34.9863,-118.74
Load Node,EDMON4AP_7_N002,34.9863,-118.74
Load Node,EDMON7AP_7_N001,34.9863,-118.74
Load Node,EDMON6AP_7_N001,34.9863,-118.74
Load Node,EDMON8AP_7_N002,34.9863,-118.74
Load Node,EDMON3AP_7_N002,34.9863,-118.74
Load Node,EDMON5AP_7_N002,34.9863,-118.74
Load Node,EDMON7AP_7_N002,34.9863,-118.74
Load Node,EDMON8AP_7_N001,34.9863,-118.74
Load Node,EDMON3AP_7_N001,34.9863,-118.74
Load Node,EDMON6AP_7_N002,34.9863,-118.74
Load Node,LOSOSTS_6_N001,36.2939,-121.2
Generation Node,GEYSER17_7_B1,38.76,-123.18
Generation Node,FAMOSO_6_N008,35.605,-119.2
Load Node,BAYWOOD_6_N001,35.3602,-120.81
Generation Node,MOSSLD_2_B1,36.8,-121.74
Load Node,CHICOB_1_N002,39.7255,-121.85
Load Node,CHICOB_1_N001,39.7255,-121.85
Load Node,GAREY_1_N002,34.98,-120.26
Generation Node,OAKDLTID_1_N001,37.54,-121.87
Load Node,SISQUOC_1_N020,34.8783,-120.33
Load Node,SISQUOC_1_N001,34.8783,-120.33
Generation Node,NCPA1GY1_7_B2,38.33,-122.63
Generation Node,NCPA1GY2_7_B2,38.34,-122.64
Load Node,NCPA1GY1_7_N001,38.33,-122.63
Load Node,NCPA1GY2_7_N001,38.34,-122.64
Load Node,KINGCTY_6_N002,36.2169,-121.13
Load Node,KINGCTY_6_N001,36.2169,-121.13
Load Node,KINGCTY_6_N005,36.2169,-121.13
Load Node,SNTAMRA_1_N001,33.1288,-117.2
Load Node,SNTAMRA_1_N005,33.1288,-117.2
Load Node,NCPA2GY2_7_N001,38.33,-122.68
Generation Node,NCPA2GY2_7_B2,38.33,-122.68
Generation Node,NCPA2GY1_7_B2,38.35,-122.65
Load Node,NCPA2GY1_7_N001,38.35,-122.65
Generation Node,BEARCNYN_2_B1,38.76,-122.65
Generation Node,TABLEMT_5_B1,39.56,-121.61
Generation Node,DUKMOSS3_7_B2,36.85,-121.76
Load Node,DUKMOSS3_7_N001,36.85,-121.76
Load Node,DUKMOSS3_7_N002,36.85,-121.76
Generation Node,DUKMOSS2_7_B1,36.85,-121.76
Generation Node,DUKMOSS1_7_B1,36.86,-121.76
Load Node,DUKMOSS1_7_N001,36.86,-121.76
Load Node,DUKMOSS2_7_N001,36.85,-121.76
Generation Node,GEYSER18_7_B1,38.74,-123.15
Load Node,KESWICK_6_N001,40.6237,-122.46
Load Node,DUKMOSS4_7_N001,36.85,-121.72
Generation Node,DUKMOSS5_7_B1,36.84,-121.72
Load Node,DUKMOSS5_7_N001,36.84,-121.72
Generation Node,DUKMOSS6_7_B2,36.85,-121.72
Load Node,DUKMOSS6_7_N001,36.85,-121.72
Load Node,DUKMOSS6_7_N002,36.85,-121.72
Generation Node,DUKMOSS4_7_B1,36.85,-121.72
Generation Node,GEYSER16_7_B1,38.77,-123.19
Load Node,RINCON_1_N001,33.2859,-116.96
Load Node,RINCON_1_N003,33.2859,-116.96
Generation Node,TBLEMTN_1_B1,39.55,-121.67
Generation Node,TABLMTN_2_B1,39.55,-121.64
Generation Node,SANTAFE_7_B1,38.78,-122.67
Generation Node,SANTAFE_7_B11,38.78,-122.67
Generation Node,GEYSER20_7_B1,38.78,-123.06
Load Node,CHESTER_6_N001,40.3044,-121.22
Load Node,HPLNDJT_6_N001,38.9729,-123.08
Load Node,HYATT_2_N212,39.54,-121.47
Generation Node,GEYSER12_7_B1,38.77,-123.1
Generation Node,GATES1_5_B1,36.14,-120.12
Generation Node,COTWDWAP_2_N030,40.6,-122.4
Generation Node,COTWDWAP_2_N032,40.4,-122.29
Generation Node,COTWDWAP_2_N029,40.5,-122.33
Generation Node,HYATT4_7_B1,39.51,-121.51
Generation Node,HYATT2_7_B1,39.55,-121.47
Generation Node,HYATT6_7_B1,39.53,-121.49
Generation Node,HYATT5_7_B1,39.54,-121.49
Generation Node,HYATT3_7_B1,39.51,-121.49
Generation Node,HYATT1_7_B1,39.54,-121.46
Generation Node,COTWDWAP_2_N031,40.7,-122.45
Load Node,COTWDPGE_1_N001,34.3804,-116.88
Generation Node,COTWDPGE_1_N024,34.3804,-116.88
Generation Node,GEYSER14_7_N001,38.8,-123.12
Generation Node,STMARIA_7_N101,34.9506,-120.44
Load Node,LUCERNE_1_N004,39.11,-122.81
Load Node,LUCERNE_1_N001,39.1102,-122.81
Generation Node,GEYSER13_7_N001,38.74,-123.16
Generation Node,VINCENT_5_B1,34.5,-118.13
Load Node,STLLWATR_6_N001,40.6778,-122.35
Generation Node,VINCENT_5_B2,34.5,-118.13
Generation Node,GATES2_5_B1,36.15,-120.14
Generation Node,CLARKRD_7_N002,39.6546,-121.64
Generation Node,CLARKRD_7_N003,39.6546,-121.64
Load Node,CLARKRD_7_N001,39.6546,-121.64
Load Node,OREGNTRL_6_N001,40.619,-122.32
Load Node,SILVERDO_1_N002,38.4995,-122.46
Load Node,SILVERDO_1_N001,38.4995,-122.46
Generation Node,SMUDGEO1_7_B1,38.76,-122.59
Load Node,PANRAMA_1_N001,40.4344,-122.27
Generation Node,WHEELBR1_7_B1,40.43,-122.27
Load Node,SANMIGL_6_N001,35.7519,-120.68
Generation Node,COBURN_2_B1,36.26,-121.15
Generation Node,MESA-PGE_1_N036,35.0085,-120.45
Load Node,MCARTHR_6_N001,41.0527,-121.41
Generation Node,MCARTHR_6_N002,41.0527,-121.41
Load Node,SOUTHBAS_1_N001,34.8815,-117.89
Load Node,MONTCLLO_1_N008,38.48,-122.32
Load Node,RIODELL_6_N001,40.4954,-124.1
Generation Node,ROUNDMT_2_B1,40.79,-121.94
Load Node,JESSUP_1_N001,40.4621,-122.33
Generation Node,PIT7U2_7_B1,38.0308,-121.87
Generation Node,PIT7U1_7_B1,38.0308,-121.87
Generation Node,MONOLITH_6_B1,34.93,-118.42
Load Node,MONOLITH_6_N029,34.93,-118.42
Load Node,MONOLITH_6_N101,34.93,-118.42
Generation Node,SEGS1G_7_B1,34.8595,-116.87
Generation Node,JBBLACK2_7_B1,40.99,-121.99
Generation Node,MIDWAY_5_B2,35.4,-119.48
Generation Node,MIDWAY_5_B1,35.4,-119.48
Load Node,GALE_1_N001,34.8595,-116.87
Generation Node,ALTA1G_7_B1,34.8602,-116.85
Generation Node,MALIN_5_N101,42.01,-121.32
Generation Node,ALTA2G_7_B1,34.8602,-116.85
Load Node,COLWATER_1_N001,34.8602,-116.85
Load Node,COLWATER_1_N002,34.8602,-116.85
Generation Node,TAP705_1_B1,34.87,-116.85
Load Node,EDWARDS_1_N001,34.9919,-117.89
Generation Node,JBBLACK1_7_B1,40.98,-121.97
Generation Node,SEGS2G_7_B1,34.8583,-116.84
Generation Node,PIT6U1_7_B1,38.0308,-121.87
Load Node,PANAMA_6_N001,35.2955,-119.02
Generation Node,COVERD_7_B1,39.7863,-123.25
Load Node,CARNATIO_6_N001,35.3113,-119.08
Generation Node,ROA-230_2_N101,32.652,-115.68
Load Node,TORTILLA_1_N007,34.8745,-117.06
Load Node,TORTILLA_1_N001,34.8745,-117.06
Load Node,PSARBLS_6_N001,35.6156,-120.68
Load Node,PSARBLS_6_N007,35.6156,-120.68
Load Node,PSARBLS_6_N005,35.6156,-120.68
Load Node,CARNERAS_6_N001,35.5411,-119.81
Generation Node,TAP78_6_B1,35.09,-118.46
Generation Node,IMPRLVLY_5_B2,32.72,-115.71
Generation Node,IMPRLVLY_5_B1,32.72,-115.71
Load Node,CALCMENT_6_N151,34.77,-118.21
Load Node,CALCMENT_6_N101,34.77,-118.21
Generation Node,PIT5_7_N001,38.0308,-121.87
Load Node,PIT5_7_B1,38.0308,-121.87
Load Node,ROSE_6_N001,32.8445,-117.24
Generation Node,IMPRLVLY_2_B1,32.71,-115.71
Generation Node,IMPRLVLY_230_N004,32.71,-115.71
Generation Node,IMPRLVLY_2_B2,32.71,-115.71
Load Node,ATASCDRO_6_N001,35.4653,-120.67
Generation Node,PIT1_2_B1,40.96,-121.55
Load Node,GOLDTREE_1_N001,35.3201,-120.69
Load Node,GOLDTREE_1_N002,35.3201,-120.69
Generation Node,PIT3_2_B1,41,-121.75
Load Node,PIT1_6_N001,38.0308,-121.87
Generation Node,PIT1U1_7_B2,38.0308,-121.87
Generation Node,PIT1U1_7_B1,38.0308,-121.87
Generation Node,TAP79_6_B1,35.08,-118.47
Generation Node,ENCANWND_6_N001,35.07,-118.47
Load Node,FOOTHILL_1_N001,35.27,-120.7
Generation Node,PIT6U2_7_B1,38.0308,-121.87
Generation Node,TAP76_6_B1,34.93,-118.43
Load Node,PIT3_7_N001,38.0308,-121.87
Load Node,BOGARD_6_N001,40.5866,-121.09
Load Node,CAWELOB_6_N001,35.571,-119.12
Load Node,ANTELOPE_6_N001,35.6581,-120
Generation Node,GRIZZLY1_1_B1,40.16,-121.3
Generation Node,DIABLO_5_B1,35.21,-120.85
Load Node,BAFOOD1_6_N001,36.33,-121.16
Generation Node,ELCENTRO_2_N001,32.8,-115.54
Load Node,BRRNDAC_6_N001,35.6582,-120.04
Generation Node,CARIBOU_2_B1,40.08,-121.16
Load Node,BLACKWLL_6_N001,35.6142,-119.85
Generation Node,TAP77_6_B1,34.95,-118.42
Generation Node,KCTYPKER_7_B1,36.2169,-121.13
Load Node,DUNNSIDE_1_N001,35.0332,-116.47
Load Node,TWISSLMN_6_N001,35.7306,-119.86
Load Node,TWISSLMN_6_N002,35.7306,-119.86
Load Node,LAMONT_1_N002,35.2967,-118.86
Load Node,TEJON_6_N001,35.0195,-118.95
Generation Node,TAP74_6_B1,34.88,-118.25
Load Node,MNDCTP_6_N001,39.2512,-123.2
Generation Node,MORWIND_6_N001,34.87,-118.24
Load Node,GRIMWAY_1_N001,35.27,-118.87
Load Node,DIABLO2_7_N001,35.21,-120.85
Generation Node,DIABLO2_7_B1,35.21,-120.85
Generation Node,DIABLO1_7_B1,35.21,-120.84
Load Node,DIABLO1_7_N001,35.21,-120.84
Load Node,DIABLOCN_2_N001,35.22,-120.83
Load Node,TECUYA_6_N001,35.0186,-118.98
Generation Node,NGILA_5_N012,32.75,-114.49
Load Node,BRRNDAA_6_N001,35.7095,-120.01
Load Node,LAMONT_1_N001,35.2967,-118.86
Generation Node,CRBU38812_7_B3,40.07,-121.15
Generation Node,CRBU38812_7_B1,40.07,-121.15
Load Node,UPPRLKE_6_N001,39.1459,-122.92
Load Node,ARVINED_1_N001,35.1504,-118.88
Generation Node,GONDER_2_N501,34.012,-118.48
Generation Node,MONA_3_N501,34.2,-118.52
Generation Node,INTERM1G_7_N501,34.5,-117.2
Load Node,HARTLEY_6_N001,39.0773,-122.93
Generation Node,VICTORVL_5_N101,34.5,-117.39
Generation Node,PADUA_6_N008,34.1202,-117.64
Load Node,PADUA_6_N001,34.1202,-117.64
Generation Node,PADUA_6_N004,34.1202,-117.64
Generation Node,PADUA_6_N006,34.1202,-117.64
Generation Node,PADUA_6_N007,34.1202,-117.64
Load Node,MAGUNDEN_1_N002,35.3622,-118.92
Load Node,MAGUNDEN_1_N001,35.3622,-118.92
Load Node,MORROBY_1_N001,35.37,-120.81
Generation Node,CARIBOU_1_B1,40.08,-121.15
Load Node,VICTOR_1_N001,38.1456,-121.18
Generation Node,VICTOR_1_N064,38.1456,-121.18
Generation Node,VICTOR_1_N063,38.1456,-121.18
Load Node,ROADWAY_1_N001,34.5904,-117.43
Load Node,OREGNTRL_1_N001,40.619,-122.32
Generation Node,RERCU1_7_B1,34.022,-117.33
Load Node,RIVRSIDE_6_N001,34.022,-117.33
Generation Node,RERCU2_7_B1,34.022,-117.33
Generation Node,MIRALOMA_6_N007,34.0043,-117.57
Generation Node,MRLPKGEN_7_B1,34.0043,-117.57
Generation Node,MIRALOMA_6_N002,34.0043,-117.57
Load Node,MIRALOMA_6_N001,34.0043,-117.57
Generation Node,MCSNCK2_7_B1,37.58,-121.82
Generation Node,MCSNCK1_7_B1,37.56,-121.8
Generation Node,VICTOR_2_B1,34.5,-117.37
Generation Node,ETIWANDA_6_N007,34.0883,-117.53
Load Node,ETIWANDA_6_N001,34.0883,-117.53
Generation Node,ETIWANDA_6_N006,34.0883,-117.53
Generation Node,ETWPKGEN_7_B1,34.0881,-117.53
Generation Node,ETIWANDA_6_N004,34.0883,-117.53
Generation Node,ETIWANDA_6_N008,34.0883,-117.53
Load Node,ETIWANDA_6_N003,34.0881,-117.53
Generation Node,MORRO4_7_B1,35.37,-120.85
Load Node,MORROBAY_2_N001,35.37,-120.85
Generation Node,MORRO3_7_B1,35.39,-120.85
Generation Node,MORROBAY_2_B1,35.37,-120.85
Load Node,MORROBAY_2_N015,35.37,-120.85
Load Node,LAKEVIEW_6_N101,35.0937,-119.1
Load Node,CLERLKE_6_N012,39.008,-122.89
Load Node,CLERLKE_6_N001,39.008,-122.89
Load Node,EISEN_6_N001,35.3571,-118.97
Load Node,MTNVIST3_7_N002,34.07,-117.53
Generation Node,MTNVIST3_7_B1,34.0881,-117.53
Generation Node,MTNVIST4_7_B1,34.0881,-117.53
Load Node,MTNVIST4_7_N002,34.08,-117.53
Load Node,ETIWANDA_2_N006,34.0881,-117.53
Load Node,TEMPLETN_2_N008,35.5545,-120.68
Generation Node,VSTA_6_N008,34.0414,-117.32
Load Node,VSTA_6_N001,34.0414,-117.32
Generation Node,BUTTVLLY_7_B1,40.13,-121.17
Load Node,COPUS_6_N001,35.0936,-119.28
Load Node,DEVLSDN_6_N001,35.7749,-119.97
Load Node,VSTA_1_N005,34.0413,-117.32
Load Node,VSTA_1_N004,34.0414,-117.32
Generation Node,VSTA_1_B1,34.04,-117.34
Load Node,VSTA_1_N001,34.0413,-117.32
Generation Node,VSTA_2_B1,34.04,-117.32
Load Node,TEVIS_1_N003,35.3192,-119.13
Generation Node,NGILA_5_N010,32.75,-114.49
Generation Node,NGILA_5_N008,32.75,-114.49
Generation Node,NGILA2_5_N001,33.5,-113.6
Generation Node,NGILA1_5_N001,3.30E-14,-113.5
Load Node,BIGMDWS_6_N001,40.1712,-121.09
Load Node,CHINO_6_N007,33.9984,-117.68
Generation Node,CHINO_6_N009,33.9984,-117.68
Generation Node,CHINO_6_N003,33.9984,-117.68
Load Node,CHINO_6_N008,33.9984,-117.68
Load Node,LSTHLLS_6_N001,35.7858,-119.87
Load Node,DEVLDNPP_6_N003,35.7749,-119.97
Generation Node,CIMGEN_7_B1,33.9984,-117.68
Generation Node,DVLCYN2G_7_B1,34.26,-117.31
Generation Node,DVLCYN1G_7_B1,34.25,-117.29
Generation Node,SIMPSON_7_B1,33.9984,-117.68
Generation Node,CRAGVIEW_1_N101,41.2,-122.26
Load Node,BAKER_1_N001,35.2848,-116.06
Load Node,TAP801_1_N001,34.1096,-116.41
Load Node,VEDDER_1_N001,35.61,-118.96
Load Node,SEMITRPC_1_N001,35.6004,-119.44
Load Node,BOLTHSE_1_N009,35.3622,-118.92
Load Node,HIDESERT_2_N018,34.1453,-116.19
Load Node,HIDESERT_2_N001,34.1453,-116.19
Generation Node,MHVSPHN_1_N101,34.31,-117.32
Load Node,POSOMT_1_N001,35.5592,-118.96
Load Node,TEVIS_1_N001,35.3192,-119.13
Generation Node,DVLCYN4G_7_B1,34.19,-117.32
Generation Node,DVLCYN3G_7_B1,34.19,-117.33
Load Node,STOCKDLE_1_N001,35.3165,-119.07
Load Node,NORCO_1_N001,35.2853,-119.31
Load Node,SHAFTER_1_N001,35.5137,-119.32
Load Node,RIOBRVO_1_N006,35.4424,-119.26
Load Node,RIOBRVO_1_N001,35.4424,-119.26
Load Node,WHEELER_6_N001,35.0898,-118.98
Load Node,WESTPARK_1_N005,35.3741,-119.04
Load Node,WESTPARK_1_N009,35.3741,-119.04
Load Node,WESTPARK_1_N001,35.3741,-119.04
Load Node,COLUMBUS_1_N005,35.3984,-118.94
Load Node,COLUMBUS_1_N001,35.3984,-118.94
Load Node,COLUMBUS_1_N003,35.3984,-118.94
Load Node,WASCO_6_N001,35.6021,-119.33
Load Node,BEARTAP_1_N001,35.38,-119
Load Node,FRUITVLE_6_N001,35.3768,-119.09
Load Node,FRUITVLE_6_N101,35.3768,-119.09
Load Node,ELKHLLS_6_N001,35.226,-119.38
Generation Node,PSE-BEAR_7_B1,35.37,-119
Generation Node,RIOBRVQF_6_N001,35.4424,-119.26
Load Node,HURON_6_N001,36.1858,-120.1
Load Node,TXROSDL_1_N001,35.377,-119.08
Load Node,TXROSDL_1_N002,35.377,-119.08
Load Node,ROSEDAL_1_N001,35.377,-119.08
Load Node,KERNWATR_1_N001,35.4007,-119.04
Generation Node,MOHAVE_5_B2,35.14,-114.57
Generation Node,MOH-LGHN_5_N001,35,-114.59
Generation Node,MOHAVE_5_B1,35.14,-114.57
Load Node,RENFRO_1_N010,35.41,-119.17
Load Node,BKRSFLD_2_N001,35.3883,-119
Generation Node,BKRSFLD_2_N004,35.3883,-119
Load Node,CIMA_2_N101,35.2691,-115.49
Load Node,KERNPWR_1_N201,35.3797,-119.1
Generation Node,KERNPWR_1_B1,35.38,-119.09
Load Node,KERNPWR_1_N002,35.3797,-119.1
Load Node,STOCKDL_2_N002,35.3165,-119.07
Load Node,STOCKDL_2_N101,35.3165,-119.07
Load Node,CALPELLA_1_N001,39.1975,-123.19
Load Node,RENFRO_1_N001,35.41,-119.17
Generation Node,KERNOIL_1_N002,35.4407,-119.02
Generation Node,KERNOIL_1_B1,35.44,-119.01
Load Node,KERNOIL_1_N012,35.4407,-119.02
Load Node,KERNOIL_1_N001,35.4407,-119.02
Load Node,TUPMAN_1_N101,35.354,-119.27
Load Node,COLNGA1_6_N001,36.136,-120.34
Load Node,COLNGA1_6_N002,36.136,-120.34
Generation Node,OILDALE_1_N101,35.42,-118.98
Load Node,OILDALE_1_N001,35.42,-118.98
Load Node,CHARKA_1_N001,35.608,-119.33
Generation Node,DEXZEL_1_N001,35.46,-118.97
Load Node,STOCKDL_2_N001,35.3165,-119.07
Load Node,CARRIZO_1_N001,35.3805,-120.04
Generation Node,WINDGAP_2_N003,35.01,-118.99
Generation Node,MCCULLGX_5_N501,35.6,-115.1
Generation Node,MARKETPL_5_N501,35.82,-115.01
Generation Node,WHELRGPP_2_N004,35.06,-119.02
Load Node,KERNRV_1_N001,35.3797,-119.1
Generation Node,MCCULLGH_5_N101,35.55,-1.20E-13
Load Node,GANSNER_6_N101,39.9392,-120.95
Load Node,BKRSFLD_2_N101,35.3883,-119
Generation Node,MEAD_5_N501,36.1,-114.9
Generation Node,HOLGATE_1_N004,35.0216,-117.71
Generation Node,HOLGATE_1_N001,35.0216,-117.71
Load Node,SNBRNRD_6_N001,35.0924,-118.88
Load Node,COLNGA2_6_N001,36.2366,-120.32
Generation Node,ELDORDO_5_B1,35.78,-114.96
Load Node,GOSELKE_1_N001,35.6016,-119.58
Load Node,GOSELKE_1_N003,35.6016,-119.58
Generation Node,DERRICK_6_N002,36.2231,-120.34
Generation Node,DERRICK_6_N003,36.2231,-120.34
Generation Node,PSE-LVOK_7_B1,39.2771,-121.66
Load Node,WESTPLAT_1_N001,35.42,-119.3
Load Node,THORNHIL_1_N001,33.8337,-116.52
Generation Node,MEADN_2_N501,3.60E-14,-114.8
Load Node,SPANSHCK_6_N001,40.0261,-120.96
Load Node,EISENHOW_1_N001,33.8306,-116.5
Load Node,WSCOPRSN_1_N001,35.61,-119.37
Generation Node,MERCHANT_2_N101,35.99,-115.07
Load Node,BUENAVS1_7_B4,36.6533,-121.63
Load Node,BUENAVS1_7_B5,36.6533,-121.63
Load Node,BUENAVS2_7_B1,36.6533,-121.63
Load Node,BUENAVS1_7_B7,36.6533,-121.63
Load Node,BUENAVS2_7_B4,36.6533,-121.63
Load Node,BUENAVS2_7_B5,36.6533,-121.63
Load Node,BUENAVS1_7_B1,36.6533,-121.63
Load Node,BUENAVS1_7_B3,36.6533,-121.63
Load Node,BUENAVS2_7_B3,36.6533,-121.63
Load Node,BUENAVS1_7_B6,36.6533,-121.63
Generation Node,BUENAVT_2_N006,35.16,-119.37
Load Node,ROCKET_1_N001,34.9339,-117.69
Generation Node,RIOBRVTM_1_B1,35.46,-119.25
Load Node,RIOBRVTM_1_N001,35.46,-119.25
Load Node,GRYSFLT_6_N001,40.0216,-121.07
Load Node,MARICOPA_6_N001,35.1075,-119.4
Generation Node,KERNFRNT_1_B1,35.39,-119.13
Generation Node,MEADS_2_N101,36.15,-114.95
Load Node,SMTRPCWS_1_N001,35.59,-119.44
Load Node,SANDY_1_N001,35.7994,-115.63
Load Node,SANDY_1_N002,35.7994,-115.63
Generation Node,MOENKOPI_5_N101,36.135,-114.54
Load Node,BANNING_1_N001,33.9223,-116.87
Load Node,BEATTY_1_N003,36.9063,-116.76
Load Node,BEATTY_1_N001,36.9063,-116.76
Load Node,PAHRUMP_1_N017,36.2066,-116
Load Node,PAHRUMP_1_N018,36.2066,-116
Load Node,LERDO_1_N001,35.5001,-119.15
Load Node,LERDO_1_N004,35.5001,-119.15
Load Node,MDWYPS_6_N001,35.4028,-119.46
Load Node,VALLEYVE_1_N001,36.5678,-116.54
Load Node,VISTA_1_N001,36.2863,-115.93
Load Node,VALLEYVE_1_N002,36.5678,-116.54
Generation Node,MIDWAY_2_B1,35.41,-119.46
Load Node,KETTLEMN_6_N001,36.0441,-120.11
Generation Node,KRAMER_1_B1,34.99,-117.55
Load Node,KRAMER_1_N001,34.9901,-117.54
Load Node,THSNDAIR_1_N001,36.1068,-115.97
Generation Node,FOURCORN_5_N501,36.9,-109.5
Load Node,GANSO_1_N001,35.5017,-119.45
Generation Node,YAVAPAI_5_N501,35.5,-1.10E-13
Generation Node,ALTA40ST_7_B1,34.87,-116.86
Generation Node,ALTA30ST_7_B1,34.87,-116.84
Generation Node,ALTA31GT_7_B1,34.87,-116.88
Generation Node,ALTA41GT_7_B1,34.87,-116.85
Load Node,CHARLSTN_1_N001,36.231,-116.15
Generation Node,KRAMER_2_B1,34.98,-117.53
Load Node,AVENAL_6_N001,37.8422,-121.05
Generation Node,FOURCORN_3_N501,36.8,-109.4
Load Node,NAVY35R_1_N001,35.29,-119.45
Load Node,FARREL_1_N002,33.8565,-116.5
Load Node,FARREL_1_N001,33.8565,-116.5
Load Node,BELRIDGE_1_N001,35.4557,-119.63
Load Node,MIDWAY_1_N002,35.4028,-119.46
Generation Node,MIDWAY_1_N047,35.4028,-119.46
Generation Node,MIDWAY_1_B1,35.43,-119.46
Generation Node,WESTWING_5_N501,33.706,-117.79
Generation Node,LUZ8G_7_B1,35.34,-117.13
Generation Node,LUZ9G_7_B1,35.35,-117.09
Generation Node,ELKHIL1G_7_B2,35.45,-119.48
Load Node,ELKHIL2G_7_N001,35.226,-119.38
Generation Node,ELKHIL2G_7_B2,35.45,-119.48
Load Node,ELKHIL1G_7_N001,35.226,-119.38
Generation Node,ELKHIL3G_7_B1,35.45,-119.48
Generation Node,HASSYAMP_5_N101,33.329,-1.10E-13
Generation Node,COLNGAGN_7_B1,36.136,-120.34
Generation Node,PALOVRDE_5_N101,32.5,-114.01
Generation Node,PARKER_2_N101,34.15,-114.29
Load Node,GENE_2_N001,34.3,-114.23
Load Node,CAMINO_2_N001,34.83,-114.99
Load Node,MTNPASS_1_N001,35.5082,-115.53
Load Node,INDIANW_1_N001,33.7582,-116.36
Load Node,INDIANW_1_N005,33.7582,-116.36
Load Node,ARVIN_6_N001,35.1504,-118.88
Load Node,CONCHO_1_N002,33.7858,-116.34
Load Node,FAMOSO_1_N001,35.605,-119.2
Generation Node,GARNET_7_N003,33.9007,-116.54
Load Node,GARNET_7_N001,33.9007,-116.54
Generation Node,GARNET_7_N006,33.9007,-116.54
Generation Node,GARNET_1_N106,33.9,-116.54
Generation Node,GARNET_1_B1,33.9,-116.54
Load Node,SANTARO_1_N001,33.7845,-116.41
Generation Node,SANTARO_1_N024,33.7845,-116.41
Load Node,SANTARO_1_N021,33.7845,-116.41
Load Node,SANTARO_1_N014,33.7845,-116.41
Load Node,SANTARO_1_N017,33.7845,-116.41
Load Node,TAP807_1_N001,34,-116.5
Generation Node,TERAWND_1_N001,34.03,-116.53
Generation Node,TAP804_1_B1,33.92,-116.62
Generation Node,TAP817_1_B1,33.95,-116.49
Generation Node,DEVERS_1_B1,33.94,-116.56
Generation Node,TAP809_1_B1,33.92,-116.57
Generation Node,VENWIND_1_N101,33.96,-116.63
Generation Node,DEVERS_2_B2,33.94,-116.59
Generation Node,INDIGOG2_7_B1,33.9244,-116.57
Generation Node,INDIGOG3_7_B1,33.9244,-116.57
Generation Node,BUCKWND_1_N101,33.9142,-116.58
Generation Node,BUCKWND_1_B1,33.91,-116.57
Generation Node,BUCKWND_1_N001,33.91,-116.57
Generation Node,PANAERO_1_N001,33.97,-116.67
Load Node,SANARDO_6_N001,36.0738,-120.94
Generation Node,RENWIND_1_N001,33.91,-116.67
Generation Node,SEAWIND_1_B1,33.94,-116.73
Generation Node,ALTWIND_1_N001,33.9,-116.58
Generation Node,SANWIND_1_N001,33.91,-116.63
Generation Node,INDIGOG1_7_B1,33.9244,-116.57
Load Node,TEMBLOR_1_N003,35.3828,-119.7
Generation Node,TEMBLOR_1_N004,35.3828,-119.7
Load Node,CYMRIC_1_N001,35.31,-119.63
Generation Node,CYMRIC_1_B1,35.31,-119.63
Generation Node,CYMRIC_1_N004,35.31,-119.63
Generation Node,TRANWND_1_N001,33.9,-116.7
Generation Node,KERNRDGE_1_N003,35.48,-119.77
Load Node,KERNRDGE_1_N001,35.48,-119.77
Generation Node,SUNST_2_N006,35.37,-119.5
Generation Node,BLYTHE_1_N101,33.615,-114.68
Generation Node,LAPLMG4_7_B2,35.35,-119.46
Load Node,LAPLMG2_7_N001,35.36,-119.46
Generation Node,LAPLMG2_7_B2,35.36,-119.46
Generation Node,LAPLMG1_7_B2,35.36,-119.46
Load Node,LAPLMG1_7_N001,35.36,-119.46
Generation Node,LAPLMG3_7_B2,35.36,-119.46
Load Node,LAPLMG4_7_N001,35.35,-119.46
Load Node,LAPLMG3_7_N001,35.36,-119.46
Load Node,TAMARISK_1_N001,33.8173,-116.45
Load Node,BLYTHESC_1_N005,33.615,-114.68
Generation Node,DEVERS_5_B2,33.93,-116.54
Generation Node,DEVERS_5_B1,33.93,-116.54
Load Node,MIDDLTWN_6_N002,38.7528,-122.61
Load Node,MIDDLTWN_6_N101,38.7528,-122.61
Load Node,SMYRNA2_1_N001,35.718,-119.46
Load Node,CAWELOC_1_N001,35.571,-119.12
Load Node,VALLEYSC_1_N001,33.7383,-117.16
Generation Node,VALLEYSC_1_N014,33.7383,-117.16
Generation Node,VALLEYSC_1_N013,33.7383,-117.16
Load Node,VALLEYSC_1_N107,33.7383,-117.16
Load Node,FELLOWSG_7_N001,35.1952,-119.59
Generation Node,FELLOWSG_7_N002,35.1952,-119.59
Generation Node,TEXSUN2G_7_B2,35.36,-119.48
Load Node,TEXSUN2G_7_N001,35.36,-119.48
Generation Node,TEXSUN1G_7_B2,35.37,-119.48
Load Node,TEXSUN1G_7_N001,35.37,-119.48
Generation Node,VALLEYSC_5_B1,33.74,-117.16
Generation Node,TAP806_1_B1,33.87,-116.48
Generation Node,CAPWIND_1_B1,33.88,-116.46
Generation Node,SUNGEN_1_B1,34.9901,-117.54
Generation Node,COACHELV_2_N101,33.9336,-116.58
Generation Node,TAFT1_1_B1,35.15,-119.48
Load Node,TAFT1_1_N004,35.15,-119.48
Load Node,TAFT1_1_N001,35.15,-119.48
Load Node,MORGAN_1_N001,37.1274,-121.66
Load Node,IRONMTN_2_N001,34.16,-115.12
Generation Node,RAMON_2_N001,33.85,-116.27
Generation Node,MTPOSO_7_N001,35.56,-119.1
Load Node,ESTQNCY_6_N001,39.9381,-120.91
Load Node,EAGLEMTN_2_N002,33.82,-115.44
Load Node,EAGLEMTN_2_N001,33.82,-115.44
Generation Node,EAGLEMTN_2_B1,33.82,-115.44
Load Node,QUEBEC_1_N001,36.07,-119.56
Load Node,ALPAUGH_1_N001,35.9634,-119.46
Generation Node,JHINDS_2_B1,33.71,-115.62
Load Node,RANDSBRG_1_N001,35.3757,-117.66
Load Node,KONOCTI6_6_N001,38.9325,-122.74
Load Node,OILFLDS_6_N007,35.9564,-120.85
Generation Node,OILFLDS_6_N009,35.9564,-120.85
Load Node,OILFLDS_6_N001,35.9564,-120.85
Load Node,REDBUD_1_N004,39.0279,-122.66
Load Node,REDBUD_1_N001,39.0279,-122.66
Load Node,INYOKERN_1_N008,35.6526,-117.79
Load Node,INYOKERN_1_N001,35.6526,-117.79
Generation Node,INYOKERN_1_B1,35.65,-117.79
Generation Node,CITYUKH_1_N001,39.1429,-123.19
Load Node,CITYUKH_1_B1,39.1429,-123.19
Load Node,UKIAH_1_N001,39.1429,-123.19
Load Node,UKIAH_1_N005,39.1429,-123.19
Generation Node,ANAHEIMG_7_B1,33.81,-117.91
Load Node,CLOVRDLE_1_N001,38.7958,-123.01
Generation Node,EGLERCK_1_B1,38.88,-122.87
Generation Node,GEYSR11_1_B1,38.78,-123.1
Generation Node,SUMMIT3_6_N101,39.3192,-120.38
Load Node,SUMMIT_6_N001,39.3192,-120.38
Load Node,TAMARACK_6_N001,39.3137,-120.5
Generation Node,GEYSER11_7_B1,38.79,-123.1
Generation Node,SUMMIT1_1_N101,39.3192,-120.38
Generation Node,GEYSER78_7_B1,38.9,-122.87
Generation Node,GEYSER78_7_B3,38.9,-122.87
Generation Node,SUMMIT2_1_N101,39.3192,-120.38
Generation Node,GEYSR5-6_7_B2,38.79,-123.08
Load Node,GEYSR5-6_7_N001,38.8055,-122.82
Generation Node,GEYSR5-6_7_B3,38.79,-123.08
Generation Node,DRUM_1_B1,39.2,-120.81
Generation Node,VILLAPK_2_N029,33.8157,-117.83
Generation Node,VILLAPK_2_N028,33.8157,-117.83
Load Node,BONNIEN_7_N001,39.2143,-120.81
Generation Node,BONNIEN_7_N002,39.2143,-120.81
Load Node,SHADYGLN_6_N001,39.1151,-120.95
Load Node,WEMRSWS_6_N001,39.036,-120.99
Load Node,FORSTHL_6_N001,39.0193,-120.83
Load Node,SEARLES_7_N001,35.6971,-117.4
Generation Node,SEARLES_7_N002,35.6971,-117.4
Generation Node,SEARLES_7_N004,35.6971,-117.4
Generation Node,MCGEN_7_B1,35.7573,-117.39
